,기준연도,학교종류,지역,학교,온라인,구분,입학금,수업료,등록금,인문사회,자연과학,예체능,공학,의학
1,2019,대학교,경남,가야대학교(김해),off,사립,360000.0,6717700.0,6717700.0,5973300.0,7198400.0,0.0,0.0,0.0
2,2019,대학교,경기,가천대학교,off,사립,601000.0,8232500.0,8232500.0,7104500.0,8274799.999999999,9173100.0,9076000.0,9768000.0
3,2019,대학교,강원,가톨릭관동대학교,off,사립,462000.0,7183400.0,7183400.0,6157400.0,7438700.0,8214299.999999999,8135400.0,9850000.0
4,2019,대학교,충북,가톨릭꽃동네대학교,off,사립,300000.0,7054300.0,7054300.0,6618000.0,7796000.0,0.0,0.0,0.0
5,2019,대학교,경기,가톨릭대학교,off,사립,598000.0,6919800.0,6919800.0,6122000.0,7457400.0,8562000.0,8284000.0,0.0
6,2019,대학교,서울,가톨릭대학교 _제2캠퍼스,off,사립,598000.0,9114700.0,9114700.0,0.0,8379700.000000001,0.0,0.0,10374000.0
7,2019,대학교,서울,가톨릭대학교 _제3캠퍼스,off,사립,598000.0,6122000.0,6122000.0,6122000.0,0.0,0.0,0.0,0.0
8,2019,대학교,서울,감리교신학대학교,off,사립,391000.0,6156500.0,6156500.0,6156500.0,0.0,0.0,0.0,0.0
9,2019,대학교,경기,강남대학교,off,사립,607000.0,7413700.0,7413700.0,6806000.0,0.0,8909300.0,8638000.0,0.0
10,2019,대학교,강원,강릉원주대학교,off,국립,0.0,4255200.0,4255200.0,3488000.0,4301300.0,5094300.0,4616000.0,7966000.0
11,2019,대학교,강원,강릉원주대학교 _제2캠퍼스,off,국립,0.0,4290400.0,4290400.0,3488000.0,4298000.0,0.0,4616000.0,0.0
12,2019,대학교,강원,강원대학교,off,국립,0.0,4049900.0,4049900.0,3426300.0,4253400.0,4579700.0,4434700.0,5758000.0
13,2019,대학교,강원,강원대학교 _제2캠퍼스,off,국립,0.0,4244000.0,4244000.0,3426800.0,4204400.0,4577200.0,4435200.0,0.0
14,2019,대학교,서울,건국대학교,off,사립,636000.0,8230900.0,8230900.0,6775600.0,8132800.0,9072000.0,9190500.0,10180000.0
15,2019,대학교,충북,건국대학교(글로컬) _분교,off,사립,636000.0,7909600.0,7909600.0,6720100.0,7958000.0,9021300.0,8982100.0,0.0
16,2019,대학교,충남,건양대학교,off,사립,378000.0,6323300.0,6323300.0,5861600.0,7034500.0,6680000.0,7212200.0,0.0
17,2019,대학교,대전,건양대학교 _제2캠퍼스,off,사립,378000.0,7193300.0,7193300.0,5710000.0,7067800.0,0.0,7240000.0,9540000.0
18,2019,사이버대학(대학),대전,건양사이버대학교,on,사립,300000.0,2437000.0,2437000.0,2427300.0,2476900.0,0.0,0.0,0.0
19,2019,대학교,경기,경기대학교,off,사립,429000.0,7272000.0,7272000.0,6444300.0,7903500.0,7973000.0,8326000.0,0.0
20,2019,대학교,서울,경기대학교 _제2캠퍼스,off,사립,429000.0,7043000.0,7043000.0,6464000.0,0.0,8326000.0,0.0,0.0
21,2019,대학교,경남,경남과학기술대학교 (폐교),off,국립,0.0,3770400.0,3770400.0,3445500.0,3736400.0,4102000.0,4014900.0,0.0
22,2019,대학교,경남,경남대학교,off,사립,281000.0,6457200.0,6457200.0,5661600.0,6499500.0,7474000.0,7500000.0,0.0
23,2019,대학교,강원,경동대학교,off,사립,530000.0,6836300.0,6836300.0,6283000.0,7980000.0,8342000.0,8046000.0,0.0
24,2019,대학교,강원,경동대학교 _제3캠퍼스,off,사립,530000.0,8134200.0,8134200.0,6247900.0,8327500.0,0.0,0.0,0.0
25,2019,대학교,경기,경동대학교 _제4캠퍼스,off,사립,530000.0,7145700.0,7145700.0,6502400.0,7848000.0,8158900.0,8047500.0,0.0
26,2019,대학교,대구,경북대학교,off,국립,0.0,4447600.0,4447600.0,3567100.0,4525600.0,4680700.0,4662000.0,7861900.0
27,2019,대학교,경남,경상국립대학교,off,국립,0.0,4048600.0,4048600.0,3274400.0,4156200.0,4303200.0,4330000.0,8026800.0
28,2019,대학교,부산,경성대학교,off,사립,300000.0,6522400.0,6522400.0,5444200.0,7137700.0,7363700.0,7485900.0,0.0
29,2019,대학교,경북,경운대학교,off,사립,420000.0,7626500.0,7626500.0,6060000.0,7810000.0,7991300.0,8112900.0,0.0
30,2019,교육대학,인천,경인교육대학교,off,국립,0.0,3189000.0,3189000.0,3189000.0,0.0,0.0,0.0,0.0
31,2019,대학교,경북,경일대학교,off,사립,420000.0,7303200.0,7303200.0,5702300.0,7660000.0,7977900.0,7660000.0,0.0
32,2019,대학교,경북,경주대학교,off,사립,444000.0,6794900.0,6794900.0,6028000.0,7442900.0,8103900.0,0.0,0.0
33,2019,대학교,서울,경희대학교,off,사립,620000.0,7859200.0,7859200.0,6356800.0,8425300.0,8458600.0,8580000.0,11105700.0
34,2019,사이버대학(대학),서울,경희사이버대학교,on,사립,300000.0,2796600.0,2796600.0,2799200.0,0.0,0.0,2764300.0,0.0
35,2019,대학교,대구,계명대학교,off,사립,424000.0,7171600.0,7171600.0,5986800.0,7881600.0,8551800.0,8214799.999999999,9850000.0
36,2019,대학교,서울,고려대학교,off,사립,677100.0,8261000.0,8261000.0,7154000.0,8668500.0,8928200.0,9680000.0,12414000.0
37,2019,대학교,세종,고려대학교(세종) _분교,off,사립,674000.0,8282900.0,8282900.0,7120000.0,8802800.0,8402000.0,9680000.0,0.0
38,2019,사이버대학(대학),서울,고려사이버대학교,on,사립,100000.0,2223800.0,2223800.0,2222500.0,0.0,0.0,2226300.0,0.0
39,2019,대학교,부산,고신대학교,off,사립,335100.0,6607800.0,6607800.0,5796800.0,6925100.0,7430600.0,0.0,9410000.0
40,2019,교육대학,충남,공주교육대학교,off,국립,0.0,3424000.0,3424000.0,3424000.0,3424000.0,3424000.0,0.0,0.0
41,2019,대학교,충남,공주대학교,off,국립,0.0,3824100.0,3824100.0,3198000.0,3856000.0,4180700.0,4230000.0,0.0
42,2019,대학교,광주,광신대학교,off,사립,255000.0,5981900.0,5981900.0,5621300.0,0.0,7072000.0,0.0,0.0
43,2019,대학교,서울,광운대학교,off,사립,648000.0,7816000.0,7816000.0,6826100.0,7498800.0,7506000.0,8532000.0,0.0
45,2019,대학교,광주,광주과학기술원,off,국립,0.0,2060000.0,2060000.0,0.0,2060000.0,0.0,2060000.0,0.0
46,2019,교육대학,광주,광주교육대학교,off,국립,0.0,3476500.0,3476500.0,3476600.0,3476500.0,3476300.0,0.0,0.0
47,2019,대학교,광주,광주대학교,off,사립,294000.0,6537000.0,6537000.0,6075900.0,6981800.0,7006900.0,6965600.0,0.0
48,2019,대학교,광주,광주여자대학교,off,사립,321000.0,6273800.0,6273800.0,5577000.0,6800400.0,6424000.0,0.0,0.0
49,2019,대학교,서울,국민대학교,off,사립,529000.0,7904200.0,7904200.0,6850800.0,7893200.0,8975800.0,8646900.0,0.0
50,2019,사이버대학(대학),경기,국제사이버대학교,on,사립,200000.0,2545100.0,2545100.0,2435500.0,0.0,3033800.0,0.0,0.0
51,2019,대학교,전북,군산대학교,off,국립,0.0,3926200.0,3926200.0,3318000.0,3901000.0,4163600.0000000005,4238000.0,0.0
52,2019,대학교,충북,극동대학교,off,사립,398000.0,7405800.0,7405800.0,6440900.0,7642200.0,7924800.0,8090300.0,0.0
53,2019,사이버대학(대학),충남,글로벌사이버대학교,on,사립,300000.0,2444100.0,2444100.0,2436900.0,0.0,2465200.0,0.0,0.0
54,2019,대학교,충남,금강대학교,off,사립,410000.0,6564000.0,6564000.0,6564000.0,0.0,0.0,6564000.0,0.0
55,2019,대학교,경북,금오공과대학교,off,국립,0.0,3772000.0,3772000.0,3400000.0,3536000.0,0.0,3792000.0,0.0
56,2019,대학교,경북,김천대학교,off,사립,546000.0,7005000.0,7005000.0,6502000.0,7127500.0,7272000.0,7272000.0,0.0
57,2019,대학교,충남,나사렛대학교,off,사립,450000.0,7119500.0,7119500.0,6603000.0,8057600.0,7948000.0,0.0,0.0
58,2019,대학교,광주,남부대학교,off,사립,334000.0,6505100.0,6505100.0,5807200.0,6543400.0,7056000.0,7056000.0,0.0
59,2019,대학교,충남,남서울대학교,off,사립,360000.0,7815000.0,7815000.0,7064900.0,8952000.0,8492600.0,8300000.0,0.0
60,2019,대학교,경기,단국대학교,off,사립,618000.0,8004900.0,8004900.0,6899000.0,8372000.0,9085600.0,8903300.0,0.0
61,2019,대학교,충남,단국대학교 _제2캠퍼스,off,사립,618000.0,8183500.0,8183500.0,6760800.0,8698300.0,8464800.0,8832000.0,10326000.0
62,2019,대학교,경북,대구가톨릭대학교,off,사립,432000.0,7165900.0,7165900.0,5861000.0,7837200.0,8551500.0,7951400.0,9610000.0
64,2019,교육대학,대구,대구교육대학교,off,국립,0.0,3604000.0,3604000.0,3604000.0,3604000.0,3604000.0,0.0,0.0
65,2019,대학교,경북,대구대학교,off,사립,408000.0,6808300.0,6808300.0,5815100.0,7412000.0,8278900.0,8014000.0,0.0
66,2019,사이버대학(대학),경북,대구사이버대학교,on,사립,200000.0,2411400.0,2411400.0,2414200.0,2407800.0,0.0,0.0,0.0
67,2019,대학교,경북,대구예술대학교,off,사립,390000.0,8286100.0,8286100.0,0.0,0.0,8286100.0,0.0,0.0
68,2019,대학교,경북,대구한의대학교,off,사립,408000.0,7218900.0,7218900.0,5730300.0,7501200.0,7340000.0,7776000.0,9260000.0
69,2019,대학교,경북,대신대학교,off,사립,330000.0,6349300.0,6349300.0,5906300.0,0.0,7216000.0,0.0,0.0
70,2019,대학교,세종,대전가톨릭대학교,off,사립,300000.0,5760000.0,5760000.0,5760000.0,0.0,0.0,0.0,0.0
71,2019,대학교,대전,대전대학교,off,사립,462000.0,7260900.0,7260900.0,6600200.0,7537500.0,7753800.0,7885400.0,9350000.0
72,2019,대학교,대전,대전신학대학교,off,사립,360000.0,5956000.0,5956000.0,5956000.0,0.0,0.0,0.0,0.0
73,2019,대학교,경기,대진대학교,off,사립,539000.0,7161900.0,7161900.0,6146000.0,7542700.0,8118000.0,8118000.0,0.0
74,2019,대학교,서울,덕성여자대학교,off,사립,635000.0,7072000.0,7072000.0,6113800.0,8009000.0,8561100.0,8404000.0,0.0
75,2019,대학교,서울,동국대학교,off,사립,696000.0,7939200.0,7939200.0,6938000.0,8383700.000000001,8842900.0,9160000.0,0.0
76,2019,대학교,경북,동국대학교(경주) _분교,off,사립,609000.0,7807600.0,7807600.0,6938000.0,8383900.0,8742700.0,9136000.0,9496000.0
77,2019,대학교,서울,동덕여자대학교,off,사립,462000.0,7394500.0,7394500.0,6026000.0,7720600.0,8721800.0,0.0,0.0
78,2019,대학교,부산,동명대학교,off,사립,330000.0,6944800.0,6944800.0,5704900.0,7336000.0,7616800.0,7738000.0,0.0
79,2019,대학교,부산,동서대학교,off,사립,339000.0,6807300.0,6807300.0,5792800.0,7584000.0,7315300.0,7583200.0,0.0
80,2019,대학교,전남,동신대학교,off,사립,318000.0,6634300.0,6634300.0,5799100.0,6771900.0,6996200.0,7170000.0,8520000.0
81,2019,대학교,부산,동아대학교,off,사립,538000.0,6754900.0,6754900.0,5752100.0,6803900.0,7481600.0,7737000.0,9734000.0
82,2019,대학교,경북,동양대학교,off,사립,420000.0,7086300.0,7086300.0,5897300.0,7462000.0,8085900.0,7559600.0,0.0
83,2019,대학교,부산,동의대학교,off,사립,360000.0,6580400.0,6580400.0,5427300.0,6583700.0,7036200.0,7419000.0,8093000.0
84,2019,사이버대학(대학),서울,디지털서울문화예술대학교,on,사립,300000.0,2648300.0,2648300.0,2641400.0,0.0,2652400.0,0.0,0.0
85,2019,대학교,경기,루터대학교,off,사립,414000.0,6300000.0,6300000.0,6300000.0,0.0,0.0,0.0,0.0
86,2019,대학교,경기,명지대학교,off,사립,598000.0,9118200.0,9118200.0,0.0,8240000.0,9442500.0,9176200.0,0.0
87,2019,대학교,서울,명지대학교 _제2캠퍼스,off,사립,598000.0,6950400.0,6950400.0,6766100.0,0.0,0.0,9094000.0,0.0
88,2019,대학교,대전,목원대학교,off,사립,454000.0,7204800.0,7204800.0,6400000.0,7173800.0,7975800.0,8050000.0,0.0
89,2019,대학교,전남,목포가톨릭대학교,off,사립,288000.0,6465000.0,6465000.0,5623500.0,6812000.0,0.0,0.0,0.0
90,2019,대학교,전남,목포대학교,off,국립,0.0,3896300.0,3896300.0,3443400.0,4100600.0000000005,4147300.0,4244000.0,0.0
91,2019,대학교,전남,목포해양대학교,off,국립,0.0,3409400.0,3409400.0,0.0,0.0,0.0,3409400.0,0.0
92,2019,대학교,대전,배재대학교,off,사립,350000.0,7106100.0,7106100.0,6444000.0,7286700.0,7987000.0,7987000.0,0.0
93,2019,대학교,충남,백석대학교,off,사립,438000.0,7768700.0,7768700.0,6960000.0,8360000.0,8976600.0,0.0,0.0
94,2019,대학교,부산,부경대학교,off,국립,0.0,4042000.0,4042000.0,3411700.0,4110600.0000000005,4265500.0,4359300.0,0.0
95,2019,대학교,부산,부산가톨릭대학교,off,사립,318000.0,6767800.0,6767800.0,5917000.0,6972800.0,0.0,7600000.0,0.0
96,2019,교육대학,부산,부산교육대학교,off,국립,0.0,3024000.0,3024000.0,3024000.0,3024000.0,3024000.0,0.0,0.0
97,2019,대학교,부산,부산대학교,off,국립,0.0,4415700.0,4415700.0,3439000.0,4614300.0,4735300.0,4728000.0,10100000.0
98,2019,사이버대학(대학),부산,부산디지털대학교,on,사립,200000.0,2417500.0,2417500.0,2416700.0,0.0,0.0,2450000.0,0.0
99,2019,대학교,부산,부산외국어대학교,off,사립,325000.0,6186500.0,6186500.0,5950700.0,0.0,6810000.0,7762000.0,0.0
100,2019,대학교,경남,부산장신대학교,off,사립,0.0,5826300.0,5826300.0,5826300.0,0.0,0.0,0.0,0.0
101,2019,사이버대학(대학),서울,사이버한국외국어대학교,on,사립,300000.0,2770700.0,2770700.0,2770700.0,0.0,0.0,0.0,0.0
102,2019,대학교,서울,삼육대학교,off,사립,590000.0,7732000.0,7732000.0,6847100.0,7995100.0,8733200.0,8344000.0,0.0
103,2019,대학교,서울,상명대학교,off,사립,630000.0,7664100.0,7664100.0,6757800.0,7984300.0,9160000.0,8680000.0,0.0
104,2019,대학교,충남,상명대학교 _제2캠퍼스,off,사립,604000.0,8073800.0,8073800.0,6652000.0,8053100.0,8547900.0,8424000.0,0.0
105,2019,대학교,강원,상지대학교,off,사립,535000.0,6974000.0,6974000.0,6190800.0,7334800.0,7337100.0,7878000.0,9654000.0
106,2019,대학교,서울,서강대학교,off,사립,658000.0,7947800.0,7947800.0,7220700.0,8436000.0,0.0,9395400.0,0.0
107,2019,대학교,서울,서경대학교,off,사립,557000.0,7860500.0,7860500.0,6582500.0,7700000.0,8674000.0,8360000.0,0.0
108,2019,대학교,서울,서울과학기술대학교,off,국립,0.0,5422300.0,5422300.0,4644000.0,5497300.0,5592200.0,5521200.0,0.0
109,2019,교육대학,서울,서울교육대학교,off,국립,0.0,3088000.0,3088000.0,3088000.0,0.0,0.0,0.0,0.0
110,2019,대학교,서울,서울기독대학교,off,사립,102000.0,7127900.0,7127900.0,6524500.0,0.0,8298200.000000001,0.0,0.0
111,2019,대학교,서울,서울대학교,off,국립,0.0,6011800.0,6011800.0,5015500.0,6110800.0,7392800.0,5996000.0,9896300.0
112,2019,사이버대학(대학),서울,서울디지털대학교,on,사립,300000.0,2089400.0,2089400.0,2091000.0,0.0,2086900.0,0.0,0.0
113,2019,사이버대학(대학),서울,서울사이버대학교,on,사립,300000.0,2712000.0,2712000.0,2703700.0,0.0,0.0,2733900.0,0.0
114,2019,대학교,서울,서울시립대학교,off,국립,0.0,2391400.0,2391400.0,2044000.0,2409700.0,2919100.0,2701000.0,0.0
115,2019,대학교,경기,서울신학대학교,off,사립,542000.0,6835400.0,6835400.0,6506700.0,0.0,8263000.0,0.0,0.0
116,2019,대학교,서울,서울여자대학교,off,사립,599000.0,7518700.0,7518700.0,6792500.0,8143400.0,9237600.0,0.0,0.0
117,2019,대학교,경기,서울장신대학교,off,사립,578000.0,7549300.0,7549300.0,6902800.0,0.0,9568000.0,0.0,0.0
118,2019,대학교,서울,서울한영대학교,off,사립,300000.0,6797200.0,6797200.0,6619600.0,0.0,8262500.0,0.0,0.0
119,2019,대학교,충북,서원대학교,off,사립,431000.0,6897500.0,6897500.0,6199600.0,7217200.0,7377600.0,7739900.0,0.0
120,2019,대학교,충남,선문대학교,off,사립,456000.0,7565800.0,7565800.0,6693100.0,8049600.0,7820300.0,8207100.0,0.0
121,2019,대학교,경기,성결대학교,off,사립,578000.0,7196100.0,7196100.0,6420000.0,0.0,8778000.0,8104000.0,0.0
122,2019,대학교,서울,성공회대학교,off,사립,568000.0,7047900.0,7047900.0,6855500.0,0.0,0.0,7468200.0,0.0
123,2019,대학교,서울,성균관대학교,off,사립,640000.0,8373600.0,8373600.0,7563700.0,8752400.0,8845100.0,9114000.0,11338000.0
124,2019,대학교,서울,성신여자대학교,off,사립,632000.0,7759600.0,7759600.0,6740500.0,7964500.0,9347700.0,7918300.0,0.0
125,2019,대학교,충북,세명대학교,off,사립,420000.0,6836400.0,6836400.0,6012000.0,7193100.0,7569000.0,7569000.0,8866000.0
126,2019,대학교,서울,세종대학교,off,사립,672000.0,7857500.0,7857500.0,6220000.0,7404000.0,8443900.0,8548000.0,0.0
127,2019,사이버대학(대학),서울,세종사이버대학교,on,사립,300000.0,2779900.0,2779900.0,2778600.0,2880000.0,2784600.0,2775900.0,0.0
128,2019,대학교,전남,세한대학교,off,사립,333000.0,6483900.0,6483900.0,5757000.0,6478400.0,6744300.0,7746800.0,0.0
129,2019,대학교,광주,송원대학교,off,사립,300000.0,6425400.0,6425400.0,5849400.0,6715000.0,6759600.0,6900000.0,0.0
130,2019,대학교,경기,수원가톨릭대학교,off,사립,0.0,5097000.0,5097000.0,5097000.0,0.0,0.0,0.0,0.0
131,2019,대학교,경기,수원대학교,off,사립,0.0,7520000.0,7520000.0,6193600.0,7312200.0,8275000.0,8049200.0,0.0
134,2019,대학교,전남,순천대학교,off,국립,0.0,3946200.0,3946200.0,3306000.0,4121000.0,4257700.0,4324000.0,0.0
135,2019,대학교,충남,순천향대학교,off,사립,560000.0,7807300.0,7807300.0,7034900.0,7921700.0,7779100.0,8294000.0,10040000.0
136,2019,대학교,서울,숭실대학교,off,사립,612000.0,7923800.0,7923800.0,6975200.0,7899600.0,8837100.0,8785500.0,0.0
137,2019,사이버대학(대학),서울,숭실사이버대학교,on,사립,300000.0,2773300.0,2773300.0,2768200.0,0.0,0.0,2783800.0,0.0
138,2019,대학교,경기,신경대학교,off,사립,578000.0,6886200.0,6886200.0,6418600.0,7281200.0,7089200.0,0.0,0.0
139,2019,대학교,부산,신라대학교,off,사립,360000.0,6639500.0,6639500.0,5706900.0,7078900.0,7511800.0,7801300.0,0.0
140,2019,대학교,경기,신한대학교,off,사립,658000.0,9079000.0,9079000.0,7500000.0,9100000.0,0.0,9700000.0,0.0
141,2019,대학교,경기,신한대학교 _제2캠퍼스,off,사립,658000.0,8542600.0,8542600.0,7500000.0,9100000.0,9600000.0,9700000.0,0.0
142,2019,대학교,경기,아세아연합신학대학교,off,사립,180000.0,6556000.0,6556000.0,6556000.0,0.0,0.0,0.0,0.0
143,2019,대학교,경기,아주대학교,off,사립,612000.0,8259700.000000001,8259700.000000001,6956200.0,8370100.0,6748000.0,8852000.0,11240000.0
144,2019,대학교,경북,안동대학교,off,국립,0.0,3748800.0,3748800.0,3193000.0,3815500.0,4155600.0000000005,4175399.9999999995,0.0
145,2019,대학교,경기,안양대학교,off,사립,595000.0,7553300.0,7553300.0,6661800.0,7810700.0,8428100.0,8396000.0,0.0
146,2019,대학교,인천,안양대학교 _제2캠퍼스,off,사립,595000.0,7618000.0,7618000.0,6654000.0,0.0,0.0,8396000.0,0.0
147,2019,대학교,서울,연세대학교,off,사립,669000.0,9153900.0,9153900.0,8464600.0,9095800.0,9499800.0,9763400.0,12104000.0
148,2019,대학교,강원,연세대학교(미래) _분교,off,사립,669000.0,8403800.0,8403800.0,7518700.0,8350600.0,0.0,9324000.0,12104000.0
149,2019,대학교,경북,영남대학교,off,사립,427000.0,7391500.0,7391500.0,5826000.0,8233200.000000001,8809400.0,8150000.0,10662000.0
150,2019,대학교,경북,영남신학대학교,off,사립,330000.0,6066800.0,6066800.0,6066800.0,0.0,0.0,0.0,0.0
151,2019,대학교,경남,영산대학교,off,사립,329000.0,6732100.0,6732100.0,5699600.0,7194000.0,6598000.0,7358000.0,0.0
152,2019,대학교,부산,영산대학교 _제2캠퍼스,off,사립,329000.0,6359000.0,6359000.0,5432000.0,7001700.0,7092100.0,7358000.0,0.0
153,2019,대학교,전남,영산선학대학교,off,사립,0.0,2000000.0,2000000.0,2000000.0,0.0,0.0,0.0,0.0
154,2019,대학교,전북,예수대학교,off,사립,269000.0,6705600.0,6705600.0,5114000.0,6954000.0,0.0,0.0,0.0
155,2019,대학교,전북,예원예술대학교,off,사립,345000.0,7938900.0,7938900.0,5990000.0,0.0,8009000.0,0.0,0.0
156,2019,대학교,경기,예원예술대학교 _제2캠퍼스,off,사립,345000.0,8363000.0,8363000.0,0.0,0.0,8363000.0,0.0,0.0
157,2019,대학교,경기,용인대학교,off,사립,531000.0,7651000.0,7651000.0,6892300.0,7672000.0,7991600.0,0.0,0.0
158,2019,대학교,전북,우석대학교,off,사립,347000.0,6920200.0,6920200.0,5924600.0,7203900.0,7141400.0,7898000.0,9256000.0
159,2019,대학교,대전,우송대학교,off,사립,390000.0,7134900.0,7134900.0,6959100.0,7293100.0,7383800.0,7221700.0,0.0
160,2019,대학교,울산,울산과학기술원,off,국립,0.0,6165900.0,6165900.0,5300000.0,6288000.0,0.0,6288000.0,0.0
161,2019,대학교,울산,울산대학교,off,사립,411000.0,7295500.0,7295500.0,5750000.0,7483400.0,8404600.0,8126600.0,10918000.0
162,2019,대학교,전북,원광대학교,off,사립,345000.0,7395400.0,7395400.0,6054700.0,7682500.0,7596700.0,8044200.0,9736400.0
163,2019,사이버대학(대학),전북,원광디지털대학교,on,사립,300000.0,2783000.0,2783000.0,2775500.0,2785900.0,2808000.0,0.0,0.0
164,2019,대학교,경북,위덕대학교,off,사립,411000.0,7324100.0,7324100.0,6425500.0,7988000.0,8428000.0,7988000.0,0.0
165,2019,대학교,충북,유원대학교,off,사립,448000.0,7317100.0,7317100.0,6300000.0,7880000.0,7880000.0,7880000.0,0.0
166,2019,대학교,대전,을지대학교,off,사립,535000.0,9077600.0,9077600.0,0.0,8686100.0,0.0,0.0,10320500.0
167,2019,대학교,경기,을지대학교 _제2캠퍼스,off,사립,535000.0,8391800.0,8391800.0,7745500.0,8489900.0,8752100.0,8738200.0,0.0
168,2019,대학교,서울,이화여자대학교,off,사립,643000.0,8634700.0,8634700.0,7510800.0,9172100.0,9921600.0,9429500.0,12896000.0
169,2019,대학교,경남,인제대학교,off,사립,342000.0,7035200.0,7035200.0,5634100.0,7543100.0,7319700.0,7833400.0,0.0
170,2019,대학교,부산,인제대학교 _제2캠퍼스,off,사립,342000.0,8555700.0,8555700.0,0.0,6925500.0,0.0,0.0,9958000.0
171,2019,대학교,인천,인천가톨릭대학교,off,사립,0.0,5282000.0,5282000.0,5282000.0,0.0,0.0,0.0,0.0
172,2019,대학교,인천,인천가톨릭대학교 _제2캠퍼스,off,사립,534000.0,8176900.0,8176900.0,0.0,8362000.0,8110000.0,0.0,0.0
173,2019,대학교,인천,인천대학교,off,국립,0.0,4652100.0,4652100.0,4104000.0,4558300.0,4878600.0,5164000.0,0.0
174,2019,대학교,인천,인하대학교,off,사립,674000.0,7669700.0,7669700.0,6672000.0,7942900.0,8239500.0,8397100.0,10550000.0
175,2019,대학교,서울,장로회신학대학교,off,사립,582000.0,6615200.0,6615200.0,5750500.0,0.0,8344500.0,0.0,0.0
176,2019,대학교,광주,전남대학교,off,국립,0.0,4168700.0,4168700.0,3419400.0,4309300.0,4525800.0,4440000.0,6038600.0
177,2019,대학교,전남,전남대학교 _제2캠퍼스,off,국립,0.0,4062600.0,4062600.0,3438000.0,4100000.0,0.0,4404000.0,0.0
178,2019,대학교,전북,전북대학교,off,국립,0.0,4308700.0,4308700.0,3322000.0,4359200.0,4675800.0,4596000.0,8346200.000000001
179,2019,교육대학,전북,전주교육대학교,off,국립,0.0,3272000.0,3272000.0,3272000.0,3272000.0,3272000.0,0.0,0.0
182,2019,대학교,제주,제주국제대학교,off,사립,324000.0,6096700.0,6096700.0,5809700.0,6339300.0,6348000.0,6303400.0,0.0
183,2019,대학교,제주,제주대학교,off,국립,0.0,3798500.0,3798500.0,3228100.0,4063100.0,4245500.0,4347100.0,5602000.0
184,2019,대학교,광주,조선대학교,off,사립,380000.0,7000500.0,7000500.0,5798700.0,7509100.0,7250700.0,7678000.0,10680000.0
185,2019,대학교,충남,중부대학교,off,사립,360000.0,7177800.0,7177800.0,6605200.0,7255200.0,7778800.0,7603600.0,0.0
186,2019,대학교,서울,중앙대학교,off,사립,667000.0,7879000.0,7879000.0,6812000.0,8480100.0,8893400.0,9036000.0,10992000.0
187,2019,대학교,경기,중앙대학교 _제2캠퍼스,off,사립,667000.0,8657700.0,8657700.0,0.0,7938000.0,8965000.0,9036000.0,0.0
188,2019,대학교,경기,중앙승가대학교,off,사립,126000.0,1760000.0,1760000.0,1760000.0,0.0,0.0,0.0,0.0
189,2019,대학교,충북,중원대학교,off,사립,461000.0,7275000.0,7275000.0,6207300.0,7730900.0,7398000.0,7762100.0,0.0
190,2019,교육대학,경남,진주교육대학교,off,국립,0.0,3446000.0,3446000.0,3445700.0,3445900.0,3446800.0,0.0,0.0
191,2019,대학교,경기,차의과학대학교,off,사립,529000.0,7136300.0,7136300.0,6934000.0,7305500.0,0.0,0.0,0.0
192,2019,대학교,경남,창신대학교,off,사립,360000.0,6300700.0,6300700.0,5520000.0,6657800.0,6940900.0,7325900.0,0.0
193,2019,대학교,경남,창원대학교,off,국립,0.0,3895100.0,3895100.0,3389300.0,4040900.0,4314700.0,4383000.0,0.0
194,2019,산업대학,충남,청운대학교,off,사립,462000.0,7292800.0,7292800.0,6881700.0,7588000.0,7843700.0,7588000.0,0.0
195,2019,교육대학,충북,청주교육대학교,off,국립,0.0,3230000.0,3230000.0,3230000.0,0.0,0.0,0.0,0.0
196,2019,대학교,충북,청주대학교,off,사립,544000.0,7621300.0,7621300.0,6843000.0,7851400.0,8258799.999999999,8342400.0,0.0
197,2019,대학교,전남,초당대학교,off,사립,240000.0,6490100.0,6490100.0,5589600.0,6664000.0,6664000.0,7454000.0,0.0
198,2019,대학교,서울,총신대학교,off,사립,600000.0,6922700.0,6922700.0,6559900.0,0.0,8737000.0,0.0,0.0
199,2019,대학교,서울,추계예술대학교,off,사립,544000.0,8529100.0,8529100.0,6722500.0,0.0,9065700.0,0.0,0.0
200,2019,교육대학,강원,춘천교육대학교,off,국립,0.0,3185000.0,3185000.0,3185000.0,3185000.0,3185000.0,0.0,0.0
201,2019,대학교,대전,충남대학교,off,국립,0.0,4312500.0,4312500.0,3371600.0,4266400.0,4590800.0,4844000.0,8042000.0
202,2019,대학교,충북,충북대학교,off,국립,0.0,4272600.0,4272600.0,3511900.0,4348000.0,4449200.0,4609500.0,7477600.0
203,2019,대학교,경기,칼빈대학교,off,사립,500000.0,7116500.0,7116500.0,6910500.0,0.0,8201299.999999999,0.0,0.0
204,2019,대학교,서울,케이씨대학교,off,사립,410000.0,7025700.0,7025700.0,6217300.0,8800000.0,8054100.0,0.0,0.0
205,2019,대학교,경기,평택대학교,off,사립,571000.0,7491700.0,7491700.0,6700000.0,7840000.0,8712000.0,8200000.0,0.0
206,2019,대학교,경북,포항공과대학교,off,사립,404000.0,5580000.0,5580000.0,0.0,5580000.0,0.0,5580000.0,0.0
207,2019,대학교,경기,한경대학교,off,국립,0.0,4062500.0,4062500.0,3605000.0,3968000.0,4244200.0,4232700.0,0.0
208,2019,대학교,대전,한국과학기술원,off,국립,0.0,6866000.0,6866000.0,6866000.0,6866000.0,0.0,6866000.0,0.0
209,2019,대학교,충북,한국교원대학교,off,국립,0.0,3182800.0,3182800.0,2874000.0,3473100.0,3799600.0,3600000.0,0.0
210,2019,대학교,충북,한국교통대학교,off,국립,0.0,4105899.9999999995,4105899.9999999995,3719100.0,4136700.0,4437000.0,4237700.0,0.0
211,2019,대학교,경남,한국국제대학교,off,사립,318000.0,6385200.0,6385200.0,5549500.0,6772800.0,6809600.0,7082500.0,0.0
212,2019,대학교,충남,한국기술교육대학교,off,사립,0.0,4526200.0,4526200.0,3303000.0,0.0,0.0,4727500.0,0.0
213,2019,방송통신대학,서울,한국방송통신대학교,on,국립,0.0,755600.0,755600.0,732400.0,732000.0,0.0,2183300.0,0.0
214,2019,대학교,경기,한국산업기술대학교,off,사립,450000.0,8995300.0,8995300.0,7900000.0,0.0,9120000.0,9120000.0,0.0
215,2019,대학교,서울,한국성서대학교,off,사립,270000.0,7075100.0,7075100.0,6720000.0,7940000.0,0.0,7500000.0,0.0
218,2019,대학교,서울,한국외국어대학교,off,사립,678000.0,7130000.0,7130000.0,6946200.0,7711000.0,0.0,8437000.0,0.0
219,2019,대학교,충남,한국전통문화대학교,off,국립,0.0,3268400.0,3268400.0,2784300.0,3631000.0,3419000.0,3486200.0,0.0
220,2019,대학교,서울,한국체육대학교,off,국립,0.0,3872200.0,3872200.0,0.0,0.0,3872200.0,0.0,0.0
221,2019,대학교,대전,한국침례신학대학교,off,사립,459000.0,6000700.0,6000700.0,5651000.0,0.0,7588300.0,0.0,0.0
222,2019,대학교,경기,한국항공대학교,off,사립,626000.0,8468000.0,8468000.0,6817200.0,8341900.0,0.0,8838100.0,0.0
223,2019,대학교,부산,한국해양대학교,off,국립,0.0,3738200.0,3738200.0,3284000.0,4132300.0,3994000.0,3823000.0,0.0
224,2019,대학교,대전,한남대학교,off,사립,431000.0,7189400.0,7189400.0,6482300.0,7392000.0,8144800.0,8258500.0,0.0
225,2019,대학교,경북,한동대학교,off,사립,612000.0,7131400.0,7131400.0,6622700.0,7748000.0,0.0,7748000.0,0.0
226,2019,대학교,강원,한라대학교,off,사립,420000.0,6942400.0,6942400.0,5860000.0,0.0,7698000.0,7698000.0,0.0
227,2019,대학교,전남,한려대학교,off,사립,294000.0,6530400.0,6530400.0,5293000.0,6857800.0,6300000.0,6300000.0,0.0
228,2019,대학교,강원,한림대학교,off,사립,625000.0,7458600.0,7458600.0,6629500.0,8010200.0,8062000.0,8366900.0,10294000.0
229,2019,대학교,대전,한밭대학교,off,국립,0.0,4450200.0,4450200.0,3821000.0,0.0,4546800.0,4646200.0,0.0
230,2019,대학교,충남,한서대학교,off,사립,294000.0,7947100.0,7947100.0,7341200.0,7885200.0,8046700.0,8455200.0,0.0
231,2019,대학교,서울,한성대학교,off,사립,558000.0,7694500.0,7694500.0,6819200.0,0.0,8723300.0,8530000.0,0.0
232,2019,대학교,경기,한세대학교,off,사립,641000.0,8088100.0,8088100.0,7122600.0,8228000.0,9485900.0,8830000.0,0.0
233,2019,대학교,경기,한신대학교,off,사립,628000.0,7185500.0,7185500.0,6828500.0,7802000.0,7802000.0,8183200.0,0.0
234,2019,대학교,서울,한양대학교,off,사립,663000.0,8477700.0,8477700.0,7074600.0,8497700.0,9300800.0,9260000.0,10822000.0
235,2019,대학교,경기,한양대학교(ERICA) _분교,off,사립,663000.0,8428300.0,8428300.0,7026000.0,8713000.0,9078000.0,9155800.0,0.0
236,2019,사이버대학(대학),서울,한양사이버대학교,on,사립,300000.0,2782100.0,2782100.0,2771900.0,0.0,2778400.0,2811200.0,0.0
237,2019,대학교,전북,한일장신대학교,off,사립,312000.0,6256000.0,6256000.0,5730600.0,7000000.0,7212600.0,0.0,0.0
238,2019,대학교,경기,협성대학교,off,사립,480000.0,7339100.0,7339100.0,6586000.0,8433200.0,8568000.0,8568000.0,0.0
239,2019,대학교,광주,호남대학교,off,사립,312000.0,6526900.0,6526900.0,5938400.0,6744000.0,6826100.0,6876000.0,0.0
240,2019,대학교,광주,호남신학대학교,off,사립,297000.0,6591000.0,6591000.0,5760300.0,0.0,7945300.0,0.0,0.0
241,2019,대학교,충남,호서대학교,off,사립,450000.0,7716800.0,7716800.0,6814100.0,7710300.0,8251600.0,8278000.0,0.0
242,2019,산업대학,전북,호원대학교,off,사립,282000.0,6929100.0,6929100.0,5922500.0,7215700.0,7521000.0,7042900.0,0.0
243,2019,대학교,서울,홍익대학교,off,사립,677000.0,8271000.0,8271000.0,6848000.0,6848000.0,8984000.0,8793900.0,0.0
244,2019,대학교,세종,홍익대학교 _제2캠퍼스,off,사립,677000.0,8415900.0,8415900.0,6848000.0,0.0,8984000.0,8796600.0,0.0
245,2019,사이버대학(대학),부산,화신사이버대학교,on,사립,300000.0,2447600.0,2447600.0,2447600.0,0.0,0.0,0.0,0.0
1,2020,대학교,경남,가야대학교(김해),off,사립,240000.0,6740785.5,6740785.5,5905715.6,7201165.1,0.0,0.0,0.0
2,2020,대학교,경기,가천대학교,off,사립,459000.0,8241328.6,8241328.6,7101494.1,8283820.9,9175040.5,9076000.0,9890000.0
3,2020,대학교,강원,가톨릭관동대학교,off,사립,308000.0,7178977.6,7178977.6,6157496.2,7484054.2,8214671.3,8135651.2,9850000.0
4,2020,대학교,충북,가톨릭꽃동네대학교,off,사립,150000.0,7089745.4,7089745.4,6618000.0,7796000.0,0.0,0.0,0.0
5,2020,대학교,경기,가톨릭대학교,off,사립,457400.0,6936639.9,6936639.9,6122000.0,7457724.1,8562000.0,8284000.0,0.0
6,2020,대학교,서울,가톨릭대학교 _제2캠퍼스,off,사립,457400.0,9262984.1,9262984.1,0.0,8446189.7,0.0,0.0,10374000.0
7,2020,대학교,서울,가톨릭대학교 _제3캠퍼스,off,사립,457400.0,6122000.0,6122000.0,6122000.0,0.0,0.0,0.0,0.0
8,2020,대학교,서울,감리교신학대학교,off,사립,165400.0,6193000.0,6193000.0,6193000.0,0.0,0.0,0.0,0.0
9,2020,대학교,경기,강남대학교,off,사립,464000.0,7444701.0,7444701.0,6806000.0,0.0,8789206.6,8638000.0,0.0
10,2020,대학교,강원,강릉원주대학교,off,국립,0.0,4255015.8,4255015.8,3488000.0,4301423.4,5092745.4,4616000.0,7966000.0
11,2020,대학교,강원,강릉원주대학교 _제2캠퍼스,off,국립,0.0,4290417.2,4290417.2,3488000.0,4298000.0,0.0,4616000.0,0.0
12,2020,대학교,강원,강원대학교,off,국립,0.0,4048529.9,4048529.9,3424903.4,4253563.1,4576903.2,4436000.0,5756000.0
13,2020,대학교,강원,강원대학교 _제2캠퍼스,off,국립,0.0,4244633.6,4244633.6,3444787.3,4210056.7,4575053.6,4436000.0,0.0
14,2020,대학교,서울,건국대학교,off,사립,485000.0,8275415.7,8275415.7,6768993.3,8142586.8,9065564.5,9173096.2,10180000.0
15,2020,대학교,충북,건국대학교(글로컬) _분교,off,사립,485000.0,7958939.5,7958939.5,6731093.9,7958000.0,9013478.3,8982000.0,0.0
16,2020,대학교,충남,건양대학교,off,사립,252000.0,6353942.6,6353942.6,5842228.0,7100000.0,6680000.0,7240000.0,0.0
17,2020,대학교,대전,건양대학교 _제2캠퍼스,off,사립,252000.0,7199207.0,7199207.0,5710000.0,7067463.7,0.0,7240000.0,9540000.0
18,2020,사이버대학(대학),대전,건양사이버대학교,on,사립,233000.0,2433666.7,2433666.7,2432141.9,2437852.7,0.0,0.0,0.0
19,2020,대학교,경기,경기대학교,off,사립,286000.0,7283675.5,7283675.5,6444290.2,7922929.8,7974479.6,8326000.0,0.0
20,2020,대학교,서울,경기대학교 _제2캠퍼스,off,사립,286000.0,7043036.6,7043036.6,6464000.0,0.0,8326000.0,0.0,0.0
21,2020,대학교,경남,경남과학기술대학교 (폐교),off,국립,0.0,3776334.4,3776334.4,3443938.1,3735967.7,4102000.0,4014270.9,0.0
22,2020,대학교,경남,경남대학교,off,사립,140500.0,6478358.7,6478358.7,5667736.9,6515121.4,7470819.3,7500000.0,0.0
23,2020,대학교,강원,경동대학교,off,사립,405600.0,6832184.0,6832184.0,6309816.1,8056857.1,8344000.0,8048000.0,0.0
24,2020,대학교,강원,경동대학교 _제3캠퍼스,off,사립,405600.0,8173234.5,8173234.5,6333777.8,8427147.2,0.0,0.0,0.0
25,2020,대학교,경기,경동대학교 _제4캠퍼스,off,사립,405600.0,7378697.1,7378697.1,6558845.2,8036800.0,8353070.1,8179194.6,0.0
26,2020,대학교,대구,경북대학교,off,국립,0.0,4500557.9,4500557.9,3566206.1,4540020.8,4680687.7,4662000.0,8074942.7
27,2020,대학교,경남,경상국립대학교,off,국립,0.0,4089971.9,4089971.9,3274353.3,4168629.7,4302787.0,4330000.0,8312888.9
28,2020,대학교,부산,경성대학교,off,사립,200000.0,6537515.4,6537515.4,5444092.1,7147384.6,7365810.0,7489614.2,0.0
29,2020,대학교,경북,경운대학교,off,사립,280000.0,7667432.4,7667432.4,6060000.0,7810000.0,7984223.6,8106888.0,0.0
30,2020,교육대학,인천,경인교육대학교,off,국립,0.0,3189000.0,3189000.0,3189000.0,0.0,0.0,0.0,0.0
31,2020,대학교,경북,경일대학교,off,사립,280000.0,7362858.4,7362858.4,5777114.9,7660000.0,7961170.2,7660000.0,0.0
32,2020,대학교,경북,경주대학교,off,사립,296000.0,6921763.8,6921763.8,6028000.0,7591145.0,8135663.6,7956000.0,0.0
33,2020,대학교,서울,경희대학교,off,사립,474240.0,7935405.8,7935405.8,6356369.4,8537171.2,8458662.8,8580000.0,11312026.8
34,2020,사이버대학(대학),서울,경희사이버대학교,on,사립,233000.0,2800126.4,2800126.4,2801824.1,0.0,0.0,2745263.2,0.0
35,2020,대학교,대구,계명대학교,off,사립,282000.0,7178261.4,7178261.4,5984532.8,7882608.7,8554596.1,8215224.2,9850000.0
36,2020,대학교,서울,고려대학교,off,사립,517343.8,8260969.4,8260969.4,7153972.7,8668486.9,8928153.8,9680000.0,12414000.0
37,2020,대학교,세종,고려대학교(세종) _분교,off,사립,515000.0,8346516.8,8346516.8,7120000.0,8823063.3,8402000.0,9680000.0,0.0
38,2020,사이버대학(대학),서울,고려사이버대학교,on,사립,77000.0,2259973.8,2259973.8,2260280.6,0.0,0.0,2259395.1,0.0
39,2020,대학교,부산,고신대학교,off,사립,223431.2,6613329.0,6613329.0,5796922.2,6916596.8,7431849.1,0.0,9410000.0
40,2020,교육대학,충남,공주교육대학교,off,국립,0.0,3424000.0,3424000.0,3424000.0,3424000.0,3424000.0,0.0,0.0
41,2020,대학교,충남,공주대학교,off,국립,0.0,3823973.5,3823973.5,3198000.0,3856042.2,4180803.2,4230000.0,0.0
42,2020,대학교,광주,광신대학교,off,사립,169000.0,5978974.2,5978974.2,5621361.5,0.0,7072000.0,0.0,0.0
43,2020,대학교,서울,광운대학교,off,사립,495000.0,7827909.0,7827909.0,6827516.9,7498728.6,7506000.0,8532000.0,0.0
45,2020,대학교,광주,광주과학기술원,off,국립,0.0,2060000.0,2060000.0,0.0,2060000.0,0.0,2060000.0,0.0
46,2020,교육대학,광주,광주교육대학교,off,국립,0.0,3476500.0,3476500.0,3476145.6,3476432.9,3477221.5,0.0,0.0
47,2020,대학교,광주,광주대학교,off,사립,195000.0,6557899.6,6557899.6,6085930.1,6984478.3,7003479.2,6966000.0,0.0
48,2020,대학교,광주,광주여자대학교,off,사립,213000.0,6288870.9,6288870.9,5579924.0,6806883.2,6424000.0,0.0,0.0
49,2020,대학교,서울,국민대학교,off,사립,352000.0,7924202.3,7924202.3,6851604.1,7898291.5,8976652.5,8645766.9,0.0
50,2020,사이버대학(대학),경기,국제사이버대학교,on,사립,155000.0,2540833.3,2540833.3,2432203.4,0.0,3033846.2,0.0,0.0
51,2020,대학교,전북,군산대학교,off,국립,0.0,3934275.5,3934275.5,3318000.0,3892483.3,4163509.4,4238000.0,0.0
52,2020,대학교,충북,극동대학교,off,사립,195000.0,7450117.1,7450117.1,6443276.3,7642020.7,7916098.8,8088797.8,0.0
53,2020,사이버대학(대학),충남,글로벌사이버대학교,on,사립,233000.0,2444717.0,2444717.0,2440747.7,0.0,2445762.7,2520000.0,0.0
54,2020,대학교,충남,금강대학교,off,사립,273000.0,6564000.0,6564000.0,6564000.0,0.0,0.0,0.0,0.0
55,2020,대학교,경북,금오공과대학교,off,국립,0.0,3770917.1,3770917.1,3400400.0,3536400.0,0.0,3792400.0,0.0
56,2020,대학교,경북,김천대학교,off,사립,417000.0,7023471.3,7023471.3,6516104.1,7145158.5,7272000.0,7272000.0,0.0
57,2020,대학교,충남,나사렛대학교,off,사립,300000.0,7134104.0,7134104.0,6591946.3,8056310.7,7932374.1,0.0,0.0
58,2020,대학교,광주,남부대학교,off,사립,222400.0,6507056.7,6507056.7,5807176.5,6555331.4,7056000.0,7056000.0,0.0
59,2020,대학교,충남,남서울대학교,off,사립,240000.0,7835035.6,7835035.6,7033947.2,8845928.6,8498835.4,8300000.0,0.0
60,2020,대학교,경기,단국대학교,off,사립,472000.0,8014715.6,8014715.6,6897272.4,8368000.0,9081027.0,8898379.7,0.0
61,2020,대학교,충남,단국대학교 _제2캠퍼스,off,사립,472000.0,8194280.2,8194280.2,6776811.1,8695571.4,8453100.5,8828000.0,10322000.0
62,2020,대학교,경북,대구가톨릭대학교,off,사립,288000.0,7192712.4,7192712.4,5873916.0,7850668.6,8546708.1,7951407.7,9610000.0
64,2020,교육대학,대구,대구교육대학교,off,국립,0.0,3604000.0,3604000.0,3604000.0,3604000.0,3604000.0,0.0,0.0
65,2020,대학교,경북,대구대학교,off,사립,272000.0,6822456.6,6822456.6,5811872.0,7412894.2,8271928.6,8014000.0,0.0
66,2020,사이버대학(대학),경북,대구사이버대학교,on,사립,155400.0,2406839.4,2406839.4,2407482.7,2406017.7,0.0,0.0,0.0
67,2020,대학교,경북,대구예술대학교,off,사립,260000.0,8284135.2,8284135.2,0.0,0.0,8284135.2,0.0,0.0
68,2020,대학교,경북,대구한의대학교,off,사립,272000.0,7243604.3,7243604.3,5730164.3,7504610.9,7276000.0,7776000.0,9260000.0
69,2020,대학교,경북,대신대학교,off,사립,220000.0,6360344.8,6360344.8,5910000.0,0.0,7216000.0,0.0,0.0
70,2020,대학교,세종,대전가톨릭대학교,off,사립,200000.0,5760000.0,5760000.0,5760000.0,0.0,0.0,0.0,0.0
71,2020,대학교,대전,대전대학교,off,사립,308000.0,7271332.2,7271332.2,6601540.5,7529247.0,7771142.9,7885133.5,9350000.0
72,2020,대학교,대전,대전신학대학교,off,사립,240000.0,5921924.5,5921924.5,5921924.5,0.0,0.0,0.0,0.0
73,2020,대학교,경기,대진대학교,off,사립,411000.0,7173690.6,7173690.6,6146000.0,7551613.7,8118000.0,8118000.0,0.0
74,2020,대학교,서울,덕성여자대학교,off,사립,486000.0,7072002.4,7072002.4,6129497.8,8128582.3,8489308.8,8141820.9,0.0
75,2020,대학교,서울,동국대학교,off,사립,532000.0,7939150.6,7939150.6,6938000.0,8383663.5,8842857.1,9160000.0,0.0
76,2020,대학교,경북,동국대학교(경주) _분교,off,사립,465800.0,7836902.0,7836902.0,6938000.0,8382613.6,8739562.8,9136000.0,9749578.6
77,2020,대학교,서울,동덕여자대학교,off,사립,307000.0,7399429.9,7399429.9,6026000.0,7717691.3,8721750.4,0.0,0.0
78,2020,대학교,부산,동명대학교,off,사립,220000.0,6969629.9,6969629.9,5713382.9,7351475.3,7522169.5,7738000.0,0.0
79,2020,대학교,부산,동서대학교,off,사립,225000.0,6818419.8,6818419.8,5796731.5,7584000.0,7340228.3,7582400.0,0.0
80,2020,대학교,전남,동신대학교,off,사립,212000.0,6653626.3,6653626.3,5807576.9,6771126.2,6973428.6,7170000.0,8520000.0
81,2020,대학교,부산,동아대학교,off,사립,411320.0,6755433.7,6755433.7,5750880.6,6804693.9,7470080.6,7738403.3,9734000.0
82,2020,대학교,경북,동양대학교,off,사립,280000.0,7103981.7,7103981.7,5901118.1,7462000.0,8071056.9,7571969.9,0.0
83,2020,대학교,부산,동의대학교,off,사립,240000.0,6608767.9,6608767.9,5415426.5,6580971.4,7043714.3,7408000.0,8082000.0
84,2020,사이버대학(대학),서울,디지털서울문화예술대학교,on,사립,234000.0,2692032.1,2692032.1,2687311.1,0.0,2694803.7,0.0,0.0
85,2020,대학교,경기,루터대학교,off,사립,276000.0,6300000.0,6300000.0,6300000.0,0.0,0.0,0.0,0.0
86,2020,대학교,경기,명지대학교,off,사립,457000.0,9117673.4,9117673.4,0.0,8240000.0,9442516.6,9175428.2,0.0
87,2020,대학교,서울,명지대학교 _제2캠퍼스,off,사립,457000.0,6950357.9,6950357.9,6766037.8,0.0,0.0,9094000.0,0.0
88,2020,대학교,대전,목원대학교,off,사립,302000.0,7208366.2,7208366.2,6400000.0,7174305.4,7975809.7,8050000.0,0.0
89,2020,대학교,전남,목포가톨릭대학교,off,사립,192000.0,6480563.3,6480563.3,5617852.9,6812000.0,0.0,0.0,0.0
90,2020,대학교,전남,목포대학교,off,국립,0.0,3896280.5,3896280.5,3442587.8,4100496.0,4146736.8,4244000.0,0.0
91,2020,대학교,전남,목포해양대학교,off,국립,0.0,3409435.6,3409435.6,0.0,0.0,0.0,3409435.6,0.0
92,2020,대학교,대전,배재대학교,off,사립,175000.0,7131217.2,7131217.2,6443379.3,7286157.1,7986000.0,7986000.0,0.0
93,2020,대학교,충남,백석대학교,off,사립,292000.0,7798620.1,7798620.1,6960000.0,8360000.0,8977037.0,0.0,0.0
94,2020,대학교,부산,부경대학교,off,국립,0.0,4040345.0,4040345.0,3414175.5,4110923.2,4266272.7,4360108.0,0.0
95,2020,대학교,부산,부산가톨릭대학교,off,사립,213000.0,6784906.1,6784906.1,5920286.4,6973485.2,0.0,7600000.0,0.0
96,2020,교육대학,부산,부산교육대학교,off,국립,0.0,3024000.0,3024000.0,3024000.0,3024000.0,3024000.0,0.0,0.0
97,2020,대학교,부산,부산대학교,off,국립,0.0,4461975.9,4461975.9,3438558.6,4629561.9,4735441.3,4728000.0,10100000.0
98,2020,사이버대학(대학),부산,부산디지털대학교,on,사립,156000.0,2420253.2,2420253.2,2420253.2,0.0,0.0,0.0,0.0
99,2020,대학교,부산,부산외국어대학교,off,사립,216000.0,6195938.6,6195938.6,5953041.5,0.0,6810000.0,7762000.0,0.0
100,2020,대학교,경남,부산장신대학교,off,사립,0.0,5795225.3,5795225.3,5795225.3,0.0,0.0,0.0,0.0
101,2020,사이버대학(대학),서울,사이버한국외국어대학교,on,사립,233000.0,2772572.4,2772572.4,2772572.4,0.0,0.0,0.0,0.0
102,2020,대학교,서울,삼육대학교,off,사립,450000.0,7731931.6,7731931.6,6842375.4,7995078.8,8733474.9,8344000.0,0.0
103,2020,대학교,서울,상명대학교,off,사립,481000.0,7681886.3,7681886.3,6756940.4,7971005.7,9152138.5,8660000.0,0.0
104,2020,대학교,충남,상명대학교 _제2캠퍼스,off,사립,461000.0,8097411.5,8097411.5,6652000.0,8058953.4,8549414.7,8424000.0,0.0
105,2020,대학교,강원,상지대학교,off,사립,409000.0,7037389.8,7037389.8,6248213.1,7352931.9,7421640.6,7924017.7,9654000.0
106,2020,대학교,서울,서강대학교,off,사립,501000.0,7947392.0,7947392.0,7218693.6,8436000.0,0.0,9395340.7,0.0
107,2020,대학교,서울,서경대학교,off,사립,425000.0,7901440.3,7901440.3,6604418.7,7700000.0,8673925.4,8360000.0,0.0
108,2020,대학교,서울,서울과학기술대학교,off,국립,0.0,5435410.7,5435410.7,4704033.3,5497480.3,5591619.9,5525924.7,0.0
109,2020,교육대학,서울,서울교육대학교,off,국립,0.0,3088000.0,3088000.0,3088000.0,0.0,0.0,0.0,0.0
110,2020,대학교,서울,서울기독대학교,off,사립,102000.0,7185788.2,7185788.2,6523227.3,0.0,8323453.7,0.0,0.0
111,2020,대학교,서울,서울대학교,off,국립,0.0,6011843.3,6011843.3,5015574.0,6110767.3,7392814.0,5996000.0,9896342.9
112,2020,사이버대학(대학),서울,서울디지털대학교,on,사립,229207.0,2122446.0,2122446.0,2114738.3,0.0,2132866.8,0.0,0.0
113,2020,사이버대학(대학),서울,서울사이버대학교,on,사립,233000.0,2709043.6,2709043.6,2709043.6,0.0,0.0,0.0,0.0
114,2020,대학교,서울,서울시립대학교,off,국립,0.0,2392084.4,2392084.4,2044000.0,2409731.7,2919128.8,2701000.0,0.0
115,2020,대학교,경기,서울신학대학교,off,사립,414000.0,6837114.4,6837114.4,6506629.1,0.0,8262922.1,0.0,0.0
116,2020,대학교,서울,서울여자대학교,off,사립,458000.0,7518696.6,7518696.6,6792500.0,8143418.9,9237600.0,0.0,0.0
117,2020,대학교,경기,서울장신대학교,off,사립,442000.0,7544720.2,7544720.2,6903051.4,0.0,9568000.0,0.0,0.0
118,2020,대학교,서울,서울한영대학교,off,사립,200000.0,6929700.0,6929700.0,6743600.0,0.0,8418500.0,0.0,0.0
119,2020,대학교,충북,서원대학교,off,사립,286000.0,6912254.0,6912254.0,6199576.6,7217178.6,7377544.1,7739655.6,0.0
120,2020,대학교,충남,선문대학교,off,사립,304000.0,7596230.4,7596230.4,6694250.0,8043494.2,7833304.3,8207940.2,0.0
121,2020,대학교,경기,성결대학교,off,사립,442000.0,7208829.0,7208829.0,6420000.0,0.0,8777834.2,8104000.0,0.0
122,2020,대학교,서울,성공회대학교,off,사립,434000.0,7047652.5,7047652.5,6879764.1,0.0,0.0,7448263.2,0.0
123,2020,대학교,서울,성균관대학교,off,사립,488000.0,8386212.6,8386212.6,7575814.6,8770942.5,8846656.3,9114000.0,11338000.0
124,2020,대학교,서울,성신여자대학교,off,사립,482000.0,7778250.5,7778250.5,6742046.6,7950194.6,9339541.0,7918338.5,0.0
125,2020,대학교,충북,세명대학교,off,사립,280000.0,6851503.9,6851503.9,6012000.0,7185566.9,7569000.0,7569000.0,8866000.0
126,2020,대학교,서울,세종대학교,off,사립,513000.0,7879886.5,7879886.5,6220000.0,7404000.0,8428838.4,8548000.0,0.0
127,2020,사이버대학(대학),서울,세종사이버대학교,on,사립,233000.0,2773019.1,2773019.1,2766325.4,2880000.0,2783063.1,2803003.4,0.0
128,2020,대학교,전남,세한대학교,off,사립,222000.0,6608690.9,6608690.9,5976134.6,6575638.1,6811685.5,7854650.2,0.0
129,2020,대학교,광주,송원대학교,off,사립,200000.0,6455176.3,6455176.3,5826363.6,6714840.8,6758620.7,6900000.0,0.0
130,2020,대학교,경기,수원가톨릭대학교,off,사립,0.0,5097000.0,5097000.0,5097000.0,0.0,0.0,0.0,0.0
131,2020,대학교,경기,수원대학교,off,사립,0.0,7524469.0,7524469.0,6188000.0,7306000.0,8276040.3,8044000.0,0.0
134,2020,대학교,전남,순천대학교,off,국립,0.0,3945836.4,3945836.4,3306000.0,4121648.9,4256842.8,4323041.2,0.0
135,2020,대학교,충남,순천향대학교,off,사립,428000.0,7829819.2,7829819.2,7042519.4,7942758.2,7733068.5,8294000.0,10040000.0
136,2020,대학교,서울,숭실대학교,off,사립,468000.0,7927148.8,7927148.8,6975348.9,7899683.3,8838023.0,8767740.7,0.0
137,2020,사이버대학(대학),서울,숭실사이버대학교,on,사립,233000.0,2770101.0,2770101.0,2772664.6,0.0,0.0,2765454.5,0.0
138,2020,대학교,경기,신경대학교,off,사립,442000.0,6989432.1,6989432.1,6521000.0,7407333.3,7077889.3,0.0,0.0
139,2020,대학교,부산,신라대학교,off,사립,240000.0,6699189.1,6699189.1,5711163.3,7148710.8,7501754.1,7813928.9,0.0
140,2020,대학교,경기,신한대학교,off,사립,503360.0,9092109.3,9092109.3,7500000.0,9100000.0,0.0,9700000.0,0.0
141,2020,대학교,경기,신한대학교 _제2캠퍼스,off,사립,503360.0,8561949.3,8561949.3,7500000.0,9100000.0,9600000.0,9700000.0,0.0
142,2020,대학교,경기,아세아연합신학대학교,off,사립,120000.0,6556000.0,6556000.0,6556000.0,0.0,0.0,0.0,0.0
143,2020,대학교,경기,아주대학교,off,사립,468000.0,8261471.0,8261471.0,6957042.6,8371568.3,6748000.0,8852000.0,11240000.0
144,2020,대학교,경북,안동대학교,off,국립,0.0,3749569.8,3749569.8,3193200.0,3815026.1,4154452.9,4171665.2,0.0
145,2020,대학교,경기,안양대학교,off,사립,455000.0,7565217.0,7565217.0,6642107.5,8022000.0,8412000.0,8376000.0,0.0
146,2020,대학교,인천,안양대학교 _제2캠퍼스,off,사립,455000.0,7633508.2,7633508.2,6634000.0,0.0,0.0,8376000.0,0.0
147,2020,대학교,서울,연세대학교,off,사립,511000.0,9155128.9,9155128.9,8463780.4,9105567.3,9499789.5,9763860.7,12104000.0
148,2020,대학교,강원,연세대학교(미래) _분교,off,사립,511000.0,8404173.9,8404173.9,7519000.0,8350832.9,0.0,9324000.0,12104000.0
149,2020,대학교,경북,영남대학교,off,사립,284800.0,7409761.0,7409761.0,5826000.0,8242174.3,8810314.0,8150000.0,10662000.0
150,2020,대학교,경북,영남신학대학교,off,사립,220000.0,6070000.0,6070000.0,6070000.0,0.0,0.0,0.0,0.0
151,2020,대학교,경남,영산대학교,off,사립,219600.0,6781659.4,6781659.4,5765488.9,7194000.0,6598000.0,7358000.0,0.0
152,2020,대학교,부산,영산대학교 _제2캠퍼스,off,사립,219600.0,6382791.3,6382791.3,5432000.0,6969373.9,7057888.8,7358000.0,0.0
153,2020,대학교,전남,영산선학대학교,off,사립,0.0,2000000.0,2000000.0,2000000.0,0.0,0.0,0.0,0.0
154,2020,대학교,전북,예수대학교,off,사립,179600.0,6718651.2,6718651.2,5114000.0,6954000.0,0.0,0.0,0.0
155,2020,대학교,전북,예원예술대학교,off,사립,230000.0,8044870.0,8044870.0,0.0,0.0,8044870.0,0.0,0.0
156,2020,대학교,경기,예원예술대학교 _제2캠퍼스,off,사립,230000.0,8387272.7,8387272.7,0.0,0.0,8387272.7,0.0,0.0
157,2020,대학교,경기,용인대학교,off,사립,405000.0,7654329.6,7654329.6,6893952.8,7672000.0,7989051.2,0.0,0.0
158,2020,대학교,전북,우석대학교,off,사립,231600.0,6931621.2,6931621.2,5923926.2,7203716.7,7121334.7,7898000.0,9256000.0
159,2020,대학교,대전,우송대학교,off,사립,260000.0,7160461.4,7160461.4,7029469.3,7241301.8,7421015.4,7212302.6,0.0
160,2020,대학교,울산,울산과학기술원,off,국립,0.0,6167244.4,6167244.4,5300000.0,6288000.0,0.0,6288000.0,0.0
161,2020,대학교,울산,울산대학교,off,사립,273000.0,7297051.0,7297051.0,5750000.0,7483991.4,8404633.3,8126721.3,10918000.0
162,2020,대학교,전북,원광대학교,off,사립,229000.0,7451416.2,7451416.2,6060319.7,7709995.3,7600922.7,8037753.3,9736439.0
163,2020,사이버대학(대학),전북,원광디지털대학교,on,사립,233000.0,2778227.3,2778227.3,2772939.0,2784581.8,2786014.0,0.0,0.0
164,2020,대학교,경북,위덕대학교,off,사립,274000.0,7323679.3,7323679.3,6421017.0,7988000.0,8428000.0,7988000.0,0.0
165,2020,대학교,충북,유원대학교,off,사립,299200.0,7301552.4,7301552.4,6300000.0,7880000.0,7880000.0,7880000.0,0.0
166,2020,대학교,대전,을지대학교,off,사립,408000.0,9077610.8,9077610.8,0.0,8686149.6,0.0,0.0,10320500.0
167,2020,대학교,경기,을지대학교 _제2캠퍼스,off,사립,408000.0,8388399.1,8388399.1,7724333.3,8480346.0,8666563.4,8733882.4,0.0
168,2020,대학교,서울,이화여자대학교,off,사립,491400.0,8691551.1,8691551.1,7567674.0,9215987.9,9923103.3,9444553.5,12896000.0
169,2020,대학교,경남,인제대학교,off,사립,228000.0,7211184.7,7211184.7,5648652.0,7492201.2,7571640.0,7773494.9,9958000.0
170,2020,대학교,인천,인천가톨릭대학교,off,사립,0.0,5363000.0,5363000.0,5363000.0,0.0,0.0,0.0,0.0
171,2020,대학교,인천,인천가톨릭대학교 _제2캠퍼스,off,사립,356000.0,8302495.0,8302495.0,0.0,8490000.0,8234000.0,0.0,0.0
172,2020,대학교,인천,인천대학교,off,국립,0.0,4635946.8,4635946.8,4092000.0,4543158.8,4863836.2,5148000.0,0.0
173,2020,대학교,인천,인하대학교,off,사립,515000.0,7692173.4,7692173.4,6669137.1,7967217.2,8239731.2,8396866.8,10550000.0
174,2020,대학교,서울,장로회신학대학교,off,사립,444000.0,6615166.7,6615166.7,5750500.0,0.0,8344500.0,0.0,0.0
175,2020,대학교,광주,전남대학교,off,국립,0.0,4167056.5,4167056.5,3419577.4,4310533.2,4525349.1,4440000.0,6038571.4
176,2020,대학교,전남,전남대학교 _제2캠퍼스,off,국립,0.0,4066369.3,4066369.3,3438000.0,4100000.0,0.0,4391100.1,0.0
177,2020,대학교,전북,전북대학교,off,국립,0.0,4380786.5,4380786.5,3322000.0,4411354.8,4674980.0,4596000.0,8637500.0
178,2020,교육대학,전북,전주교육대학교,off,국립,0.0,3272000.0,3272000.0,3272000.0,3272000.0,3272000.0,0.0,0.0
179,2020,대학교,전북,전주대학교,off,사립,228000.0,6972454.4,6972454.4,6208978.9,7259354.8,7531493.8,7890000.0,0.0
182,2020,대학교,제주,제주대학교,off,국립,0.0,3832869.0,3832869.0,3230372.0,4172270.1,4244571.9,4347514.3,5602000.0
183,2020,대학교,광주,조선대학교,off,사립,253600.0,7036550.4,7036550.4,5791901.3,7571737.3,7262129.3,7678000.0,10680000.0
184,2020,대학교,충남,중부대학교,off,사립,240000.0,7188995.4,7188995.4,6615431.8,7270628.4,7778191.1,7584879.5,0.0
185,2020,대학교,서울,중앙대학교,off,사립,510000.0,7888959.2,7888959.2,6812000.0,8480914.6,8891162.8,9036000.0,10992000.0
186,2020,대학교,경기,중앙대학교 _제2캠퍼스,off,사립,510000.0,8672024.2,8672024.2,0.0,7938000.0,8965201.5,9036000.0,0.0
187,2020,대학교,경기,중앙승가대학교,off,사립,84000.0,1760000.0,1760000.0,1760000.0,0.0,0.0,0.0,0.0
188,2020,대학교,충북,중원대학교,off,사립,307000.0,7335809.5,7335809.5,6244235.7,7737196.8,7398000.0,7781471.4,0.0
189,2020,교육대학,경남,진주교육대학교,off,국립,0.0,3445600.0,3445600.0,3445148.9,3446585.9,3445034.0,0.0,0.0
190,2020,대학교,경기,차의과학대학교,off,사립,404000.0,7138781.7,7138781.7,6934000.0,7308520.5,0.0,0.0,0.0
191,2020,대학교,경남,창신대학교,off,사립,240000.0,6336730.0,6336730.0,5541363.6,6656000.0,6911169.8,7429859.2,0.0
192,2020,대학교,경남,창원대학교,off,국립,0.0,3893790.6,3893790.6,3389129.1,4040871.0,4314600.0,4382967.9,0.0
193,2020,산업대학,충남,청운대학교,off,사립,308000.0,7291448.1,7291448.1,6882305.9,7588000.0,7834561.7,7588000.0,0.0
194,2020,교육대학,충북,청주교육대학교,off,국립,0.0,3230000.0,3230000.0,3230000.0,0.0,0.0,0.0,0.0
195,2020,대학교,충북,청주대학교,off,사립,416000.0,7620520.3,7620520.3,6837506.3,7862776.5,8219949.8,8307369.7,0.0
196,2020,대학교,전남,초당대학교,off,사립,160000.0,6544322.0,6544322.0,5618534.8,6664000.0,6664000.0,7540235.3,0.0
197,2020,대학교,서울,총신대학교,off,사립,459125.7,6920336.6,6920336.6,6553411.6,0.0,8733378.2,0.0,0.0
198,2020,대학교,서울,추계예술대학교,off,사립,416000.0,8676973.6,8676973.6,6844755.9,0.0,9229029.7,0.0,0.0
199,2020,교육대학,강원,춘천교육대학교,off,국립,0.0,3185000.0,3185000.0,3185056.2,3184895.6,3185047.0,0.0,0.0
200,2020,대학교,대전,충남대학교,off,국립,0.0,4360136.9,4360136.9,3371922.6,4281310.1,4589432.7,4844000.0,8308317.1
201,2020,대학교,충북,충북대학교,off,국립,0.0,4273416.5,4273416.5,3512136.9,4348550.6,4448214.3,4609538.2,7477557.9
202,2020,대학교,경기,칼빈대학교,off,사립,330000.0,7220326.1,7220326.1,7021025.6,0.0,8330714.3,0.0,0.0
203,2020,대학교,서울,케이씨대학교,off,사립,272000.0,7045146.4,7045146.4,6206334.2,8800000.0,8053200.0,0.0,0.0
204,2020,대학교,경기,평택대학교,off,사립,436800.0,7517380.1,7517380.1,6700000.0,7840000.0,8712000.0,8200000.0,0.0
205,2020,대학교,경북,포항공과대학교,off,사립,269000.0,5580000.0,5580000.0,0.0,5580000.0,0.0,5580000.0,0.0
206,2020,대학교,경기,한경대학교,off,국립,0.0,4057247.8,4057247.8,3604640.0,3967440.0,4257757.0,4217814.3,0.0
207,2020,대학교,대전,한국과학기술원,off,국립,0.0,6866000.0,6866000.0,6866000.0,6866000.0,0.0,6866000.0,0.0
208,2020,대학교,충북,한국교원대학교,off,국립,0.0,3182780.2,3182780.2,2874000.0,3473076.9,3799627.1,3600000.0,0.0
209,2020,대학교,충북,한국교통대학교,off,국립,0.0,4105784.1,4105784.1,3719647.8,4135534.2,4435227.3,4237546.9,0.0
210,2020,대학교,경남,한국국제대학교,off,사립,212000.0,6357217.7,6357217.7,5552980.5,6813156.9,6401333.3,7081637.8,0.0
211,2020,대학교,충남,한국기술교육대학교,off,사립,0.0,4529842.1,4529842.1,3303000.0,0.0,0.0,4727500.0,0.0
212,2020,방송통신대학,서울,한국방송통신대학교,on,국립,0.0,756111.7,756111.7,731424.1,731600.0,0.0,2184714.3,0.0
213,2020,대학교,경기,한국산업기술대학교,off,사립,300000.0,8996231.9,8996231.9,7900000.0,0.0,9120000.0,9120000.0,0.0
214,2020,대학교,서울,한국성서대학교,off,사립,180000.0,7081716.2,7081716.2,6720000.0,7940000.0,0.0,7500000.0,0.0
215,2020,사이버대학(대학),서울,한국열린사이버대학교,on,사립,195000.0,2144470.6,2144470.6,2148789.5,2108000.0,0.0,0.0,0.0
218,2020,대학교,충남,한국전통문화대학교,off,국립,0.0,3268785.7,3268785.7,2794833.3,3631000.0,3419000.0,3499500.0,0.0
219,2020,대학교,서울,한국체육대학교,off,국립,0.0,3865856.2,3865856.2,0.0,0.0,3865856.2,0.0,0.0
220,2020,대학교,대전,한국침례신학대학교,off,사립,306000.0,5998828.5,5998828.5,5648583.9,0.0,7588400.0,0.0,0.0
221,2020,대학교,경기,한국항공대학교,off,사립,478000.0,8467907.8,8467907.8,6818546.4,8341608.5,0.0,8841553.0,0.0
222,2020,대학교,부산,한국해양대학교,off,국립,0.0,3728945.8,3728945.8,3284000.0,3994000.0,3994000.0,3822274.1,0.0
223,2020,대학교,대전,한남대학교,off,사립,287400.0,7183286.7,7183286.7,6482095.1,7392853.0,8143032.8,8208056.8,0.0
224,2020,대학교,경북,한동대학교,off,사립,468000.0,7119000.0,7119000.0,6615800.0,7748000.0,0.0,7748000.0,0.0
225,2020,대학교,강원,한라대학교,off,사립,280000.0,6949528.1,6949528.1,5860000.0,0.0,7698000.0,7698000.0,0.0
226,2020,대학교,전남,한려대학교,off,사립,195800.0,6585418.3,6585418.3,5293000.0,6948571.1,6300000.0,6300000.0,0.0
227,2020,대학교,강원,한림대학교,off,사립,477880.0,7456347.6,7456347.6,6632598.7,8017551.3,8062000.0,8367703.0,10294000.0
228,2020,대학교,대전,한밭대학교,off,국립,0.0,4449657.8,4449657.8,3820661.8,0.0,4555101.0,4643943.6,0.0
229,2020,대학교,충남,한서대학교,off,사립,196000.0,7947080.0,7947080.0,7386600.8,7884865.2,8009507.6,8436745.6,0.0
230,2020,대학교,서울,한성대학교,off,사립,426000.0,7734179.0,7734179.0,6945450.1,0.0,8703235.3,8530000.0,0.0
231,2020,대학교,경기,한세대학교,off,사립,489000.0,8097872.4,8097872.4,7123464.3,8228000.0,9486051.4,8830000.0,0.0
232,2020,대학교,경기,한신대학교,off,사립,479000.0,7185640.2,7185640.2,6826693.7,7802000.0,7802000.0,8183171.8,0.0
233,2020,대학교,서울,한양대학교,off,사립,506000.0,8482856.2,8482856.2,7073491.0,8499924.2,9295445.1,9267059.4,10822000.0
234,2020,대학교,경기,한양대학교(ERICA) _분교,off,사립,506000.0,8458781.8,8458781.8,7026000.0,8811360.0,9075810.2,9130122.4,0.0
235,2020,사이버대학(대학),서울,한양사이버대학교,on,사립,233000.0,2783224.0,2783224.0,2795530.9,0.0,2730389.6,2755787.4,0.0
236,2020,대학교,전북,한일장신대학교,off,사립,208000.0,6299051.9,6299051.9,5733057.2,7000000.0,7124561.4,0.0,0.0
237,2020,대학교,경기,협성대학교,off,사립,320000.0,7360328.7,7360328.7,6586000.0,8448305.7,8568000.0,8568000.0,0.0
238,2020,대학교,광주,호남대학교,off,사립,208000.0,6547100.5,6547100.5,5946612.0,6744000.0,6812351.9,6876000.0,0.0
239,2020,대학교,광주,호남신학대학교,off,사립,198400.0,6658862.3,6658862.3,5767277.9,0.0,7936800.0,0.0,0.0
240,2020,대학교,충남,호서대학교,off,사립,300000.0,7725758.5,7725758.5,6837226.0,7724750.7,8228648.4,8278000.0,0.0
241,2020,산업대학,전북,호원대학교,off,사립,188000.0,6929093.7,6929093.7,5896173.3,7177546.1,7490478.5,7003316.5,0.0
242,2020,대학교,서울,홍익대학교,off,사립,517800.0,8296617.9,8296617.9,6848000.0,6848000.0,9028388.7,8798637.5,0.0
243,2020,대학교,세종,홍익대학교 _제2캠퍼스,off,사립,517800.0,8432254.6,8432254.6,6848000.0,0.0,8984000.0,8799965.9,0.0
244,2020,사이버대학(대학),부산,화신사이버대학교,on,사립,233000.0,2444832.2,2444832.2,2444832.2,0.0,0.0,0.0,0.0
1,2021,대학교,경남,가야대학교(김해),off,사립,120000.0,6758560.2,6758560.2,5849683.7,7206556.7,0.0,0.0,0.0
2,2021,대학교,경기,가천대학교,off,사립,318000.0,8249738.7,8249738.7,7098467.3,8283509.9,9177055.6,9076000.0,9890000.0
3,2021,대학교,강원,가톨릭관동대학교,off,사립,154000.0,7165673.8,7165673.8,6157422.8,7459344.9,8218086.6,8135562.7,9850000.0
4,2021,대학교,충북,가톨릭꽃동네대학교,off,사립,0.0,7152463.0,7152463.0,6618000.0,7796000.0,0.0,0.0,0.0
5,2021,대학교,경기,가톨릭대학교,off,사립,316600.0,6964630.1,6964630.1,6122000.0,7454336.6,8562000.0,8284000.0,0.0
6,2021,대학교,서울,가톨릭대학교 _제2캠퍼스,off,사립,316600.0,9262984.1,9262984.1,0.0,8446189.7,0.0,0.0,10374000.0
7,2021,대학교,서울,가톨릭대학교 _제3캠퍼스,off,사립,316600.0,6122000.0,6122000.0,6122000.0,0.0,0.0,0.0,0.0
8,2021,대학교,서울,감리교신학대학교,off,사립,165400.0,6267300.0,6267300.0,6267300.0,0.0,0.0,0.0,0.0
9,2021,대학교,경기,강남대학교,off,사립,321000.0,7450968.5,7450968.5,6806000.0,0.0,8788649.0,8638000.0,0.0
10,2021,대학교,강원,강릉원주대학교,off,국립,0.0,4253234.2,4253234.2,3488000.0,4301374.9,5089373.1,4616000.0,7966000.0
11,2021,대학교,강원,강릉원주대학교 _제2캠퍼스,off,국립,0.0,4290340.0,4290340.0,3488000.0,4298000.0,0.0,4616000.0,0.0
12,2021,대학교,강원,강원대학교,off,국립,0.0,4058840.5,4058840.5,3425414.3,4281983.0,4576229.5,4429130.2,5756000.0
13,2021,대학교,강원,강원대학교 _제2캠퍼스,off,국립,0.0,4246520.3,4246520.3,3473751.3,4218744.7,4576018.3,4436000.0,0.0
14,2021,대학교,서울,건국대학교,off,사립,334000.0,8275197.2,8275197.2,6760310.7,8142586.8,9059580.3,9173365.7,10180000.0
15,2021,대학교,충북,건국대학교(글로컬) _분교,off,사립,334000.0,7985994.5,7985994.5,6737710.0,7958000.0,9007938.6,8982000.0,0.0
16,2021,대학교,충남,건양대학교,off,사립,126000.0,6363413.5,6363413.5,5845398.5,7104421.1,6680000.0,7240000.0,0.0
17,2021,대학교,대전,건양대학교 _제2캠퍼스,off,사립,126000.0,7200354.0,7200354.0,5710000.0,7068427.4,0.0,7240000.0,9540000.0
18,2021,사이버대학(대학),대전,건양사이버대학교,on,사립,166000.0,2437647.1,2437647.1,2437647.1,0.0,0.0,0.0,0.0
19,2021,대학교,경기,경기대학교,off,사립,143000.0,7305505.8,7305505.8,6444222.3,7897293.7,7976174.3,8326000.0,0.0
20,2021,대학교,서울,경기대학교 _제2캠퍼스,off,사립,143000.0,7047294.2,7047294.2,6464000.0,0.0,8326000.0,0.0,0.0
21,2021,대학교,경남,경남과학기술대학교 (폐교),off,국립,0.0,3785514.0,3785514.0,3443805.2,3735937.9,4102000.0,4013799.1,0.0
22,2021,대학교,경남,경남대학교,off,사립,112400.0,6500790.0,6500790.0,5674249.3,6531907.8,7467561.0,7500000.0,0.0
23,2021,대학교,강원,경동대학교,off,사립,280800.0,6577644.1,6577644.1,6274816.3,8061500.0,0.0,0.0,0.0
24,2021,대학교,강원,경동대학교 _제3캠퍼스,off,사립,280800.0,8219617.4,8219617.4,6310230.2,8442341.3,0.0,0.0,0.0
25,2021,대학교,경기,경동대학교 _제4캠퍼스,off,사립,280800.0,7461482.0,7461482.0,6548354.7,8012636.4,8376832.9,8172387.5,0.0
26,2021,대학교,대구,경북대학교,off,국립,0.0,4499643.6,4499643.6,3566206.1,4540020.8,4680687.7,4662000.0,8074942.7
27,2021,대학교,경남,경상국립대학교,off,국립,0.0,4050073.3,4050073.3,3274349.3,4024000.0,4302376.8,4330000.0,8312888.9
28,2021,대학교,부산,경성대학교,off,사립,100000.0,6553705.6,6553705.6,5444441.6,7118391.3,7365967.4,7493290.1,0.0
29,2021,대학교,경북,경운대학교,off,사립,140000.0,7671095.9,7671095.9,6060000.0,7810000.0,7991868.1,8110798.7,0.0
30,2021,교육대학,인천,경인교육대학교,off,국립,0.0,3189000.0,3189000.0,3189000.0,0.0,0.0,0.0,0.0
31,2021,대학교,경북,경일대학교,off,사립,140000.0,7376747.6,7376747.6,5842899.9,7660000.0,7913990.6,7660000.0,0.0
32,2021,대학교,경북,경주대학교,off,사립,148000.0,7004737.5,7004737.5,6028000.0,7576250.0,8073783.8,7284000.0,0.0
33,2021,대학교,서울,경희대학교,off,사립,328320.0,7935660.2,7935660.2,6357374.9,8537171.2,8458662.8,8580000.0,11312026.8
34,2021,사이버대학(대학),서울,경희사이버대학교,on,사립,166000.0,2779780.2,2779780.2,2782469.4,0.0,0.0,2560000.0,0.0
35,2021,대학교,대구,계명대학교,off,사립,140000.0,7182182.9,7182182.9,5984912.1,7882608.7,8554183.4,8204402.9,9850000.0
36,2021,대학교,서울,고려대학교,off,사립,357553.6,8268998.0,8268998.0,7153584.7,8668486.9,8928153.8,9680000.0,12414000.0
37,2021,대학교,세종,고려대학교(세종) _분교,off,사립,356000.0,8373668.5,8373668.5,7120000.0,8822531.0,8402000.0,9680000.0,0.0
38,2021,사이버대학(대학),서울,고려사이버대학교,on,사립,55000.0,2251492.9,2251492.9,2251576.7,0.0,0.0,2251330.0,0.0
39,2021,대학교,부산,고신대학교,off,사립,111715.6,6620415.0,6620415.0,5798603.4,6906359.9,7434173.1,0.0,9410000.0
40,2021,교육대학,충남,공주교육대학교,off,국립,0.0,3424000.0,3424000.0,3424000.0,3424000.0,3424000.0,0.0,0.0
41,2021,대학교,충남,공주대학교,off,국립,0.0,3823676.7,3823676.7,3198000.0,3856042.2,4180803.2,4230000.0,0.0
42,2021,대학교,광주,광신대학교,off,사립,83000.0,5977934.4,5977934.4,5621173.9,0.0,7072000.0,0.0,0.0
43,2021,대학교,서울,광운대학교,off,사립,342000.0,7830919.5,7830919.5,6829101.4,7498728.6,7506000.0,8532000.0,0.0
45,2021,대학교,광주,광주과학기술원,off,국립,0.0,2060000.0,2060000.0,0.0,2060000.0,0.0,2060000.0,0.0
46,2021,교육대학,광주,광주교육대학교,off,국립,0.0,3476500.0,3476500.0,3476397.8,3477496.5,3475331.2,0.0,0.0
47,2021,대학교,광주,광주대학교,off,사립,96000.0,6563829.7,6563829.7,6084023.9,6823863.3,6998597.7,6966000.0,0.0
48,2021,대학교,광주,광주여자대학교,off,사립,107000.0,6282267.4,6282267.4,5581331.5,6779234.6,6424000.0,0.0,0.0
49,2021,대학교,서울,국민대학교,off,사립,175000.0,7923884.8,7923884.8,6851010.1,7902228.2,8977115.1,8645855.7,0.0
50,2021,사이버대학(대학),경기,국제사이버대학교,on,사립,110000.0,2540833.3,2540833.3,2432203.4,0.0,3033846.2,0.0,0.0
51,2021,대학교,전북,군산대학교,off,국립,0.0,3934275.5,3934275.5,3318000.0,3892483.3,4163509.4,4238000.0,0.0
52,2021,대학교,충북,극동대학교,off,사립,154000.0,7467548.0,7467548.0,6433395.6,7642463.2,7914738.4,8096017.3,0.0
53,2021,사이버대학(대학),충남,글로벌사이버대학교,on,사립,166000.0,2436179.9,2436179.9,2434644.2,0.0,2432642.6,2471368.4,0.0
54,2021,대학교,충남,금강대학교,off,사립,136200.0,6564000.0,6564000.0,6564000.0,0.0,0.0,0.0,0.0
55,2021,대학교,경북,금오공과대학교,off,국립,0.0,3769117.7,3769117.7,3400400.0,3536400.0,0.0,3792400.0,0.0
56,2021,대학교,경북,김천대학교,off,사립,288000.0,7042129.0,7042129.0,6532526.6,7165910.7,7272000.0,7272000.0,0.0
57,2021,대학교,충남,나사렛대학교,off,사립,150000.0,7149194.9,7149194.9,6592170.9,8056310.7,7930933.6,0.0,0.0
58,2021,대학교,광주,남부대학교,off,사립,111200.0,6511720.0,6511720.0,5801572.5,6565861.8,7056000.0,7056000.0,0.0
59,2021,대학교,충남,남서울대학교,off,사립,120000.0,7858845.6,7858845.6,7036250.4,8847679.7,8507368.0,8300000.0,0.0
60,2021,대학교,경기,단국대학교,off,사립,326000.0,8019362.6,8019362.6,6898226.8,8368000.0,9081027.0,8897958.1,0.0
61,2021,대학교,충남,단국대학교 _제2캠퍼스,off,사립,326000.0,8189901.0,8189901.0,6776598.4,8695605.4,8445663.2,8828000.0,10322000.0
62,2021,대학교,경북,대구가톨릭대학교,off,사립,144000.0,7227513.7,7227513.7,5881050.7,7854089.2,8547109.6,7951910.4,9610000.0
64,2021,교육대학,대구,대구교육대학교,off,국립,0.0,3604000.0,3604000.0,3604000.0,3604000.0,3604000.0,0.0,0.0
65,2021,대학교,경북,대구대학교,off,사립,136000.0,6843753.3,6843753.3,5806404.6,7412798.9,8263831.1,8014000.0,0.0
66,2021,사이버대학(대학),경북,대구사이버대학교,on,사립,110800.0,2409473.7,2409473.7,2405558.6,2520000.0,0.0,2520000.0,0.0
67,2021,대학교,경북,대구예술대학교,off,사립,130000.0,8278149.5,8278149.5,0.0,0.0,8278149.5,0.0,0.0
68,2021,대학교,경북,대구한의대학교,off,사립,136000.0,7261202.3,7261202.3,5731887.3,7502339.6,7328747.3,7776000.0,9260000.0
69,2021,대학교,경북,대신대학교,off,사립,110000.0,6360344.8,6360344.8,5910000.0,0.0,7216000.0,0.0,0.0
70,2021,대학교,세종,대전가톨릭대학교,off,사립,100000.0,5760000.0,5760000.0,5760000.0,0.0,0.0,0.0,0.0
71,2021,대학교,대전,대전대학교,off,사립,154000.0,7285934.7,7285934.7,6602887.1,7520779.7,7786421.9,7886449.7,9350000.0
72,2021,대학교,대전,대전신학대학교,off,사립,120000.0,5918260.9,5918260.9,5918260.9,0.0,0.0,0.0,0.0
73,2021,대학교,경기,대진대학교,off,사립,283000.0,7171065.3,7171065.3,6146000.0,7565260.6,8118000.0,8118000.0,0.0
74,2021,대학교,서울,덕성여자대학교,off,사립,337000.0,7072813.4,7072813.4,6100452.9,8223869.2,8457721.0,8082771.7,0.0
75,2021,대학교,서울,동국대학교,off,사립,368000.0,7939150.6,7939150.6,6938000.0,8383663.5,8842857.1,9160000.0,0.0
76,2021,대학교,경북,동국대학교(경주) _분교,off,사립,322400.0,7863796.9,7863796.9,6938000.0,8385647.7,8734688.5,9136000.0,9938777.2
77,2021,대학교,서울,동덕여자대학교,off,사립,154000.0,7419672.3,7419672.3,6026000.0,7716568.7,8725067.6,0.0,0.0
78,2021,대학교,부산,동명대학교,off,사립,110000.0,6967580.7,6967580.7,5721194.8,7372376.9,7407989.8,7738000.0,0.0
79,2021,대학교,부산,동서대학교,off,사립,113000.0,6836701.1,6836701.1,5802430.4,7584000.0,7383851.1,7581515.9,0.0
80,2021,대학교,전남,동신대학교,off,사립,106000.0,6658129.8,6658129.8,5817800.0,6764328.5,6972916.7,7170000.0,8520000.0
81,2021,대학교,부산,동아대학교,off,사립,284760.0,6762049.7,6762049.7,5750675.2,6804326.4,7464062.5,7742141.8,9734000.0
82,2021,대학교,경북,동양대학교,off,사립,140000.0,7120656.8,7120656.8,5909401.4,7462000.0,8047240.9,7586170.6,0.0
83,2021,대학교,부산,동의대학교,off,사립,120000.0,6607210.1,6607210.1,5414243.7,6578938.5,7042262.9,7408000.0,8082000.0
84,2021,사이버대학(대학),서울,디지털서울문화예술대학교,on,사립,168000.0,2719276.1,2719276.1,2730120.9,0.0,2714759.7,2685630.8,0.0
85,2021,대학교,경기,루터대학교,off,사립,138000.0,6300000.0,6300000.0,6300000.0,0.0,0.0,0.0,0.0
86,2021,대학교,경기,명지대학교,off,사립,316000.0,9117673.4,9117673.4,0.0,8240000.0,9442516.6,9175428.2,0.0
87,2021,대학교,서울,명지대학교 _제2캠퍼스,off,사립,316000.0,6950357.9,6950357.9,6766037.8,0.0,0.0,9094000.0,0.0
88,2021,대학교,대전,목원대학교,off,사립,150000.0,7216827.6,7216827.6,6400000.0,7173017.2,7979202.8,8050000.0,0.0
89,2021,대학교,전남,목포가톨릭대학교,off,사립,96000.0,6496825.0,6496825.0,5611333.3,6812000.0,0.0,0.0,0.0
90,2021,대학교,전남,목포대학교,off,국립,0.0,3904432.7,3904432.7,3450122.8,4100680.2,4244000.0,4243552.2,0.0
91,2021,대학교,전남,목포해양대학교,off,국립,0.0,3409435.6,3409435.6,0.0,0.0,0.0,3409435.6,0.0
92,2021,대학교,대전,배재대학교,off,사립,140000.0,7167576.2,7167576.2,6445541.6,7292872.2,7986000.0,7986000.0,0.0
93,2021,대학교,충남,백석대학교,off,사립,146000.0,7835305.4,7835305.4,6960000.0,8360000.0,8977037.0,0.0,0.0
94,2021,대학교,부산,부경대학교,off,국립,0.0,4039300.6,4039300.6,3414697.6,4110923.2,4266272.7,4359499.0,0.0
95,2021,대학교,부산,부산가톨릭대학교,off,사립,106000.0,6800423.6,6800423.6,5926777.6,6972751.5,0.0,7599656.6,0.0
96,2021,교육대학,부산,부산교육대학교,off,국립,0.0,3024000.0,3024000.0,3024000.0,3024000.0,3024000.0,0.0,0.0
97,2021,대학교,부산,부산대학교,off,국립,0.0,4462529.8,4462529.8,3438558.6,4629561.9,4735441.3,4728000.0,10100000.0
98,2021,사이버대학(대학),부산,부산디지털대학교,on,사립,112000.0,2421798.6,2421798.6,2421798.6,0.0,0.0,0.0,0.0
99,2021,대학교,부산,부산외국어대학교,off,사립,108000.0,6206616.5,6206616.5,5965723.9,0.0,6810000.0,7762000.0,0.0
100,2021,대학교,경남,부산장신대학교,off,사립,0.0,5760260.5,5760260.5,5760260.5,0.0,0.0,0.0,0.0
101,2021,사이버대학(대학),서울,사이버한국외국어대학교,on,사립,166000.0,2770913.8,2770913.8,2770913.8,0.0,0.0,0.0,0.0
102,2021,대학교,서울,삼육대학교,off,사립,310000.0,7748262.7,7748262.7,6836000.0,7996202.9,8733729.9,8344000.0,0.0
103,2021,대학교,서울,상명대학교,off,사립,332000.0,7696921.1,7696921.1,6756920.9,7970715.3,9149302.1,8660000.0,0.0
104,2021,대학교,충남,상명대학교 _제2캠퍼스,off,사립,318000.0,8099482.8,8099482.8,6652000.0,8064380.3,8550138.4,8424000.0,0.0
105,2021,대학교,강원,상지대학교,off,사립,283000.0,7089187.0,7089187.0,6298630.1,7361187.4,7493241.7,7970778.2,9654000.0
106,2021,대학교,서울,서강대학교,off,사립,345000.0,7944545.7,7944545.7,7214000.0,8436000.0,0.0,9395340.7,0.0
107,2021,대학교,서울,서경대학교,off,사립,293000.0,7928490.1,7928490.1,6620344.8,7700000.0,8671200.5,8360000.0,0.0
108,2021,대학교,서울,서울과학기술대학교,off,국립,0.0,5445457.1,5445457.1,4725715.6,5511340.8,5600526.8,5534204.3,0.0
109,2021,교육대학,서울,서울교육대학교,off,국립,0.0,3088000.0,3088000.0,3088000.0,0.0,0.0,0.0,0.0
110,2021,대학교,서울,서울기독대학교,off,사립,102000.0,7244470.6,7244470.6,6532841.5,0.0,8325092.6,0.0,0.0
111,2021,대학교,서울,서울대학교,off,국립,0.0,6011819.2,6011819.2,5015574.0,6110767.3,7392814.0,5996000.0,9896342.9
112,2021,사이버대학(대학),서울,서울디지털대학교,on,사립,166000.0,2146722.6,2146722.6,2147939.8,2268000.0,2138257.3,2146514.5,0.0
113,2021,사이버대학(대학),서울,서울사이버대학교,on,사립,166000.0,2712023.7,2712023.7,2712023.7,0.0,0.0,0.0,0.0
114,2021,대학교,서울,서울시립대학교,off,국립,0.0,2393269.0,2393269.0,2044000.0,2411130.2,2919128.8,2701000.0,0.0
115,2021,대학교,경기,서울신학대학교,off,사립,287000.0,6864812.0,6864812.0,6504821.5,0.0,8259150.7,8400000.0,0.0
116,2021,대학교,서울,서울여자대학교,off,사립,317000.0,7524060.5,7524060.5,6792500.0,8147763.0,9237600.0,0.0,0.0
117,2021,대학교,경기,서울장신대학교,off,사립,306000.0,7540000.0,7540000.0,6903302.3,0.0,9568000.0,0.0,0.0
118,2021,대학교,서울,서울한영대학교,off,사립,100000.0,6929700.0,6929700.0,6743600.0,0.0,8418500.0,0.0,0.0
119,2021,대학교,충북,서원대학교,off,사립,144000.0,6912238.0,6912238.0,6216433.4,7224035.7,7379546.6,7727079.8,0.0
120,2021,대학교,충남,선문대학교,off,사립,152000.0,7575985.0,7575985.0,6692602.0,8047663.7,7833304.3,8207964.5,0.0
121,2021,대학교,경기,성결대학교,off,사립,306000.0,7208829.0,7208829.0,6420000.0,0.0,8777834.2,8104000.0,0.0
122,2021,대학교,서울,성공회대학교,off,사립,300000.0,7047624.7,7047624.7,6902268.0,0.0,0.0,7427225.0,0.0
123,2021,대학교,서울,성균관대학교,off,사립,336000.0,8390589.2,8390589.2,7591657.0,8770148.6,8845411.5,9114000.0,11338000.0
124,2021,대학교,서울,성신여자대학교,off,사립,332000.0,7817160.0,7817160.0,6742046.6,8109305.4,9339541.0,7980450.0,0.0
125,2021,대학교,서울,세종대학교,off,사립,354000.0,7885632.6,7885632.6,6220000.0,7404000.0,8428838.4,8548000.0,0.0
126,2021,사이버대학(대학),서울,세종사이버대학교,on,사립,166000.0,2772537.3,2772537.3,2770327.2,2741417.3,2776327.5,2791055.9,0.0
127,2021,대학교,전남,세한대학교,off,사립,111000.0,6679680.9,6679680.9,6098898.0,6591074.2,6829653.2,7912905.6,0.0
128,2021,대학교,광주,송원대학교,off,사립,100000.0,6478663.4,6478663.4,5834146.3,6747018.6,6758139.5,6900000.0,0.0
129,2021,대학교,경기,수원가톨릭대학교,off,사립,0.0,5097000.0,5097000.0,5097000.0,0.0,0.0,0.0,0.0
130,2021,대학교,경기,수원대학교,off,사립,0.0,7529107.0,7529107.0,6188000.0,7306000.0,8280177.9,8044000.0,0.0
131,2021,대학교,서울,숙명여자대학교,off,사립,325000.0,8073846.6,8073846.6,7000818.1,8829719.7,9601865.0,9194000.0,0.0
134,2021,대학교,충남,순천향대학교,off,사립,296000.0,7830204.7,7830204.7,7042519.4,7942758.2,7733068.5,8294000.0,10040000.0
135,2021,대학교,서울,숭실대학교,off,사립,324000.0,7929310.8,7929310.8,6975348.9,7899683.3,8838023.0,8768028.1,0.0
136,2021,사이버대학(대학),서울,숭실사이버대학교,on,사립,166000.0,2772244.9,2772244.9,2774505.5,0.0,0.0,2768046.6,0.0
137,2021,대학교,경기,신경대학교,off,사립,306000.0,6986129.1,6986129.1,6526100.0,7424894.3,6982754.7,0.0,0.0
138,2021,대학교,부산,신라대학교,off,사립,120000.0,6723635.4,6723635.4,5718452.0,7152878.0,7504613.2,7829073.1,0.0
139,2021,대학교,경기,신한대학교,off,사립,348480.0,9105147.6,9105147.6,7500000.0,9100000.0,0.0,9700000.0,0.0
140,2021,대학교,경기,신한대학교 _제2캠퍼스,off,사립,348480.0,8581295.9,8581295.9,7500000.0,9100000.0,9600000.0,9700000.0,0.0
141,2021,대학교,경기,아세아연합신학대학교,off,사립,60000.0,6556000.0,6556000.0,6556000.0,0.0,0.0,0.0,0.0
142,2021,대학교,경기,아주대학교,off,사립,324000.0,8261778.9,8261778.9,6957042.6,8371568.3,6748000.0,8852000.0,11240000.0
143,2021,대학교,경북,안동대학교,off,국립,0.0,3749658.6,3749658.6,3193200.0,3814566.8,4154042.9,4167943.2,0.0
144,2021,대학교,경기,안양대학교,off,사립,315000.0,7565217.0,7565217.0,6642107.5,8022000.0,8412000.0,8376000.0,0.0
145,2021,대학교,인천,안양대학교 _제2캠퍼스,off,사립,315000.0,7683196.9,7683196.9,6634000.0,0.0,0.0,8376000.0,0.0
146,2021,대학교,서울,연세대학교,off,사립,353000.0,9155128.9,9155128.9,8463780.4,9105567.3,9499789.5,9763860.7,12104000.0
147,2021,대학교,강원,연세대학교(미래) _분교,off,사립,353000.0,8423352.9,8423352.9,7501065.3,8357514.0,0.0,9292183.7,12104000.0
148,2021,대학교,경북,영남대학교,off,사립,142400.0,7418072.6,7418072.6,5826000.0,8241519.0,8812979.6,8150000.0,10662000.0
149,2021,대학교,경북,영남신학대학교,off,사립,110000.0,6070000.0,6070000.0,6070000.0,0.0,0.0,0.0,0.0
150,2021,대학교,경남,영산대학교,off,사립,109800.0,6740123.4,6740123.4,5755721.6,7194000.0,6598000.0,7358000.0,0.0
151,2021,대학교,부산,영산대학교 _제2캠퍼스,off,사립,109800.0,6386224.2,6386224.2,5432000.0,6938925.7,7037991.6,0.0,0.0
152,2021,대학교,전남,영산선학대학교,off,사립,0.0,2000000.0,2000000.0,2000000.0,0.0,0.0,0.0,0.0
153,2021,대학교,전북,예수대학교,off,사립,89800.0,6732181.8,6732181.8,5114000.0,6954000.0,0.0,0.0,0.0
154,2021,대학교,전북,예원예술대학교,off,사립,115000.0,8083813.1,8083813.1,0.0,0.0,8083813.1,0.0,0.0
155,2021,대학교,경기,예원예술대학교 _제2캠퍼스,off,사립,115000.0,8371139.9,8371139.9,0.0,0.0,8371139.9,0.0,0.0
156,2021,대학교,경기,용인대학교,off,사립,279000.0,7669949.2,7669949.2,6900407.3,7672000.0,7988581.3,0.0,0.0
157,2021,대학교,전북,우석대학교,off,사립,115800.0,6920094.5,6920094.5,5940519.2,7191723.7,7095161.3,7898000.0,9256000.0
158,2021,대학교,대전,우송대학교,off,사립,130000.0,7170246.6,7170246.6,7043592.3,7255945.3,7414992.0,7217676.2,0.0
159,2021,대학교,울산,울산과학기술원,off,국립,0.0,6193205.4,6193205.4,5300000.0,6288000.0,0.0,6288000.0,0.0
160,2021,대학교,울산,울산대학교,off,사립,135000.0,7300443.3,7300443.3,5750000.0,7483991.4,8404633.3,8125751.1,10918000.0
161,2021,대학교,전북,원광대학교,off,사립,115000.0,7460281.4,7460281.4,6061457.8,7714421.5,7591171.2,8038084.0,9739030.0
162,2021,사이버대학(대학),전북,원광디지털대학교,on,사립,166000.0,2778700.2,2778700.2,2775510.2,2783882.8,2780845.1,0.0,0.0
163,2021,대학교,경북,위덕대학교,off,사립,137000.0,7326644.1,7326644.1,6419787.7,7988000.0,8428000.0,7988000.0,0.0
164,2021,대학교,충북,유원대학교,off,사립,149600.0,7289105.7,7289105.7,6300000.0,7880000.0,7880000.0,7880000.0,0.0
165,2021,대학교,대전,을지대학교,off,사립,281000.0,10387666.7,10387666.7,0.0,10522000.0,0.0,0.0,10320500.0
166,2021,대학교,경기,을지대학교 _제2캠퍼스,off,사립,281000.0,8395744.8,8395744.8,7730966.0,8478478.3,8724554.2,8734971.4,0.0
167,2021,대학교,경기,을지대학교 _제3캠퍼스,off,사립,281000.0,8284308.6,8284308.6,7616000.0,8343000.0,8254000.0,0.0,0.0
168,2021,대학교,서울,이화여자대학교,off,사립,340200.0,8687298.1,8687298.1,7604362.0,9227294.7,9923962.4,9443143.7,12896000.0
169,2021,대학교,경남,인제대학교,off,사립,114000.0,7227739.4,7227739.4,5640950.1,7512718.8,7536700.0,7766779.0,9947000.0
170,2021,대학교,인천,인천가톨릭대학교,off,사립,0.0,5340000.0,5340000.0,5340000.0,0.0,0.0,0.0,0.0
171,2021,대학교,인천,인천가톨릭대학교 _제2캠퍼스,off,사립,178000.0,8250151.8,8250151.8,0.0,8440000.0,8180000.0,0.0,0.0
172,2021,대학교,인천,인천대학교,off,국립,0.0,4634033.1,4634033.1,4092000.0,4541332.7,4863836.2,5148000.0,0.0
173,2021,대학교,인천,인하대학교,off,사립,356000.0,7701519.0,7701519.0,6669161.0,7967217.2,8256952.4,8396476.3,10550000.0
174,2021,대학교,서울,장로회신학대학교,off,사립,307000.0,6615166.7,6615166.7,5750500.0,0.0,8344500.0,0.0,0.0
175,2021,대학교,광주,전남대학교,off,국립,0.0,4167251.5,4167251.5,3419775.4,4308765.0,4525349.1,4440000.0,6038571.4
176,2021,대학교,전남,전남대학교 _제2캠퍼스,off,국립,0.0,4078537.7,4078537.7,3438000.0,4100000.0,0.0,4380461.7,0.0
177,2021,대학교,전북,전북대학교,off,국립,0.0,4387185.1,4387185.1,3322000.0,4427821.5,4674892.3,4596000.0,8637500.0
178,2021,교육대학,전북,전주교육대학교,off,국립,0.0,3272000.0,3272000.0,3272000.0,3272000.0,3272000.0,0.0,0.0
179,2021,대학교,전북,전주대학교,off,사립,114000.0,6978326.1,6978326.1,6211055.6,7256007.9,7528773.8,7890000.0,0.0
182,2021,대학교,제주,제주대학교,off,국립,0.0,3878732.2,3878732.2,3229987.8,4205337.5,4244050.8,4347601.0,6708000.0
183,2021,대학교,광주,조선대학교,off,사립,126800.0,7032223.2,7032223.2,5784752.9,7576487.2,7272698.2,7678000.0,10680000.0
184,2021,대학교,충남,중부대학교,off,사립,120000.0,7206832.1,7206832.1,6682417.7,7352155.6,7768759.4,7637630.5,0.0
185,2021,대학교,서울,중앙대학교,off,사립,353000.0,7901296.7,7901296.7,6812000.0,8481775.0,8888906.3,9036000.0,10992000.0
186,2021,대학교,경기,중앙대학교 _제2캠퍼스,off,사립,353000.0,8682883.6,8682883.6,0.0,7938000.0,8965381.1,9036000.0,0.0
187,2021,대학교,경기,중앙승가대학교,off,사립,42000.0,1760000.0,1760000.0,1760000.0,0.0,0.0,0.0,0.0
188,2021,대학교,충북,중원대학교,off,사립,153000.0,7400080.5,7400080.5,6294620.2,7751187.5,7398000.0,7800746.7,0.0
189,2021,교육대학,경남,진주교육대학교,off,국립,0.0,3445600.0,3445600.0,3445768.9,3446576.7,3443970.6,0.0,0.0
190,2021,대학교,경기,차의과학대학교,off,사립,279000.0,7141062.5,7141062.5,6934000.0,7312456.9,0.0,0.0,0.0
191,2021,대학교,경남,창신대학교,off,사립,120000.0,6386144.8,6386144.8,5563571.4,6656706.8,6903356.9,7496963.4,0.0
192,2021,대학교,경남,창원대학교,off,국립,0.0,3893707.7,3893707.7,3389098.2,4040871.0,4314600.0,4382967.9,0.0
193,2021,산업대학,충남,청운대학교,off,사립,154000.0,7281330.2,7281330.2,6871373.3,7588000.0,7833058.0,7588000.0,0.0
194,2021,교육대학,충북,청주교육대학교,off,국립,0.0,3230000.0,3230000.0,3230000.0,0.0,0.0,0.0,0.0
195,2021,대학교,충북,청주대학교,off,사립,288000.0,7619982.0,7619982.0,6832229.8,7880330.6,8181809.9,8272368.8,0.0
196,2021,대학교,전남,초당대학교,off,사립,80000.0,6589522.6,6589522.6,5645933.9,6664000.0,6664000.0,7621811.3,0.0
197,2021,대학교,서울,총신대학교,off,사립,317159.6,6913531.2,6913531.2,6548067.1,0.0,8720104.8,0.0,0.0
198,2021,대학교,서울,추계예술대학교,off,사립,288000.0,8781092.7,8781092.7,6933538.5,0.0,9344482.7,0.0,0.0
199,2021,교육대학,강원,춘천교육대학교,off,국립,0.0,3185690.2,3185690.2,3185719.6,3185616.4,3185740.7,0.0,0.0
200,2021,대학교,대전,충남대학교,off,국립,0.0,4363274.7,4363274.7,3371922.6,4280141.1,4589432.7,4844000.0,8308317.1
201,2021,대학교,충북,충북대학교,off,국립,0.0,4272978.9,4272978.9,3509079.9,4348550.6,4448214.3,4609607.2,7477557.9
202,2021,대학교,경기,칼빈대학교,off,사립,160000.0,7306611.1,7306611.1,7114415.6,0.0,8445000.0,0.0,0.0
203,2021,대학교,서울,케이씨대학교,off,사립,137000.0,7061429.6,7061429.6,6205881.4,8800000.0,8052500.0,0.0,0.0
204,2021,대학교,경기,평택대학교,off,사립,302400.0,7522619.6,7522619.6,6700000.0,7840000.0,8712000.0,8200000.0,0.0
205,2021,대학교,경북,포항공과대학교,off,사립,134000.0,5580000.0,5580000.0,0.0,5580000.0,0.0,5580000.0,0.0
206,2021,대학교,경기,한경대학교,off,국립,0.0,4084510.0,4084510.0,3604640.0,3967440.0,4273862.5,4267833.2,0.0
207,2021,대학교,대전,한국과학기술원,off,국립,0.0,6866000.0,6866000.0,6866000.0,6866000.0,0.0,6866000.0,0.0
208,2021,대학교,충북,한국교원대학교,off,국립,0.0,3181644.7,3181644.7,2874000.0,3473683.7,3800042.7,3600000.0,0.0
209,2021,대학교,충북,한국교통대학교,off,국립,0.0,4106442.4,4106442.4,3720905.4,4134087.2,4433181.8,4238157.4,0.0
210,2021,대학교,경남,한국국제대학교,off,사립,106000.0,6415734.8,6415734.8,5558378.4,6831889.5,6776732.4,7073624.2,0.0
211,2021,대학교,충남,한국기술교육대학교,off,사립,0.0,4529842.1,4529842.1,3303000.0,0.0,0.0,4727500.0,0.0
212,2021,방송통신대학,서울,한국방송통신대학교,on,국립,0.0,758602.8,758602.8,731600.7,731600.0,757600.0,2214000.0,0.0
213,2021,대학교,경기,한국산업기술대학교,off,사립,150000.0,8997115.9,8997115.9,7900000.0,0.0,0.0,9120000.0,0.0
214,2021,대학교,서울,한국성서대학교,off,사립,90000.0,7088609.9,7088609.9,6720000.0,7940000.0,0.0,7500000.0,0.0
215,2021,사이버대학(대학),서울,한국열린사이버대학교,on,사립,140000.0,2139000.0,2139000.0,2148238.4,1984000.0,0.0,0.0,0.0
218,2021,대학교,충남,한국전통문화대학교,off,국립,0.0,3268785.7,3268785.7,2794833.3,3631000.0,3419000.0,3499500.0,0.0
219,2021,대학교,서울,한국체육대학교,off,국립,0.0,3859451.6,3859451.6,0.0,0.0,3859451.6,0.0,0.0
220,2021,대학교,대전,한국침례신학대학교,off,사립,153000.0,5992930.5,5992930.5,5645728.2,0.0,7585976.5,0.0,0.0
221,2021,대학교,경기,한국항공대학교,off,사립,330000.0,8466449.5,8466449.5,6814357.5,8332622.5,0.0,8837309.5,0.0
222,2021,대학교,부산,한국해양대학교,off,국립,0.0,3727210.5,3727210.5,3284000.0,3994000.0,3994000.0,3818907.2,0.0
223,2021,대학교,대전,한남대학교,off,사립,143760.0,7184738.9,7184738.9,6481536.8,7394403.6,8142365.8,8203992.5,0.0
224,2021,대학교,경북,한동대학교,off,사립,324000.0,7121932.1,7121932.1,6617588.9,7748000.0,0.0,7748000.0,0.0
225,2021,대학교,강원,한라대학교,off,사립,140000.0,7024428.0,7024428.0,5860000.0,0.0,6750034.4,7698000.0,0.0
226,2021,대학교,전남,한려대학교,off,사립,97900.0,6612159.9,6612159.9,5293000.0,7048932.5,6300000.0,6300000.0,0.0
227,2021,대학교,강원,한림대학교,off,사립,330840.0,7467559.2,7467559.2,6631085.6,8017187.1,8062000.0,8367682.0,10294000.0
228,2021,대학교,대전,한밭대학교,off,국립,0.0,4449332.6,4449332.6,3820323.2,0.0,4569490.2,4640898.9,0.0
229,2021,대학교,충남,한서대학교,off,사립,98000.0,7947078.2,7947078.2,7411386.2,7903962.9,7999356.9,8429393.0,0.0
230,2021,대학교,서울,한성대학교,off,사립,294000.0,7731387.9,7731387.9,6939011.9,0.0,8683858.4,8530000.0,0.0
231,2021,대학교,경기,한세대학교,off,사립,337000.0,8107268.6,8107268.6,7123000.8,8228000.0,9485850.3,8830000.0,0.0
232,2021,대학교,경기,한신대학교,off,사립,330000.0,7190015.4,7190015.4,6836178.2,7802000.0,7802000.0,8183186.2,0.0
233,2021,대학교,서울,한양대학교,off,사립,349000.0,8489626.0,8489626.0,7073694.1,8501933.2,9293112.5,9260000.0,10822000.0
234,2021,대학교,경기,한양대학교(ERICA) _분교,off,사립,349000.0,8463700.5,8463700.5,7026000.0,8811360.0,9075810.2,9131770.5,0.0
235,2021,사이버대학(대학),서울,한양사이버대학교,on,사립,166000.0,2772190.7,2772190.7,2779286.2,0.0,2716097.6,2746229.5,0.0
236,2021,대학교,전북,한일장신대학교,off,사립,104000.0,6329132.4,6329132.4,5737594.9,7000000.0,7055154.6,0.0,0.0
237,2021,대학교,경기,협성대학교,off,사립,160000.0,7360468.1,7360468.1,6586000.0,8447376.6,8568000.0,8568000.0,0.0
238,2021,대학교,광주,호남대학교,off,사립,104000.0,6541471.5,6541471.5,5934888.8,6744000.0,6813075.2,6876000.0,0.0
239,2021,대학교,광주,호남신학대학교,off,사립,99200.0,6686101.4,6686101.4,5770956.1,0.0,7936800.0,0.0,0.0
240,2021,대학교,충남,호서대학교,off,사립,150000.0,7724277.6,7724277.6,6825340.8,7733012.9,8219724.7,8264385.0,0.0
241,2021,산업대학,전북,호원대학교,off,사립,94000.0,6929052.0,6929052.0,5814127.5,7148930.2,7484849.1,6999745.6,0.0
242,2021,대학교,서울,홍익대학교,off,사립,358400.0,8315003.9,8315003.9,6848000.0,6848000.0,9070658.5,8810861.6,0.0
243,2021,대학교,세종,홍익대학교 _제2캠퍼스,off,사립,358400.0,8443408.1,8443408.1,6848000.0,0.0,8984000.0,8799536.4,0.0
244,2021,사이버대학(대학),부산,화신사이버대학교,on,사립,166000.0,2423209.9,2423209.9,2423209.9,0.0,0.0,0.0,0.0
